secs,km,power,hr,cad,alt
0,0,98,80,61,228.6
1,0.00445,115,83,68,228.6
2,0.00904,94,84,70,228.6
3,0.01372,117,85,72,228.6
4,0.01858,91,87,73,228.8
5,0.02351,88,87,74,228.8
6,0.02848,75,88,75,228.8
7,0.03347,62,89,75,228.8
8,0.03843,56,90,76,228.8
9,0.04338,85,91,77,228.6
10,0.04838,87,91,78,228.6
11,0.05338,78,91,78,228.6
12,0.05842,90,92,80,228.6
13,0.06349,66,92,76,228.6
14,0.06855,68,92,75,228.6
15,0.07358,71,93,76,228.6
16,0.07862,81,93,77,228.6
17,0.08369,76,93,77,228.6
18,0.0888,69,93,77,228.6
19,0.09394,107,93,77,228.6
20,0.09911,76,93,76,228.6
21,0.10434,84,94,78,228.6
22,0.10956,74,94,79,228.6
23,0.11482,98,95,79,228.4
24,0.12007,94,95,79,228.4
25,0.12528,104,95,76,228.4
26,0.1305,113,95,76,228.4
27,0.13589,113,96,77,228.2
28,0.14136,105,97,79,228.2
29,0.1469,111,97,78,228.2
30,0.15248,104,98,80,228.2
31,0.15811,104,99,84,228.2
32,0.16383,111,100,82,228.2
33,0.16958,123,100,83,228.4
34,0.17542,91,101,81,228.4
35,0.18128,82,102,83,228.4
36,0.18714,73,102,82,228.4
37,0.19297,78,103,82,228.4
38,0.19877,93,103,82,228.6
39,0.20458,80,104,83,228.6
40,0.21038,96,104,84,228.6
41,0.21622,107,104,86,228.8
42,0.22211,88,105,81,228.8
43,0.228,108,105,84,228.8
44,0.2338,108,105,81,228.8
45,0.23947,147,105,84,228.6
46,0.24518,113,105,78,228.6
47,0.25093,116,105,78,228.6
48,0.25676,109,106,78,228.6
49,0.2626,71,106,75,228.6
50,0.2684,59,106,75,228.6
51,0.27415,73,107,74,228.4
52,0.27987,27,107,74,228.6
53,0.28504,136,108,66,228.6
54,0.29021,136,108,71,228.6
55,0.29563,109,108,73,228.6
56,0.30115,107,108,74,228.6
57,0.30676,102,108,75,228.6
58,0.31243,102,108,75,228.6
59,0.31815,106,108,76,228.6
60,0.3239,91,108,76,228.6
61,0.32965,89,109,76,228.6
62,0.33542,79,109,76,228.6
63,0.34117,70,110,75,228.6
64,0.34689,76,111,76,228.6
65,0.35258,68,111,76,228.6
66,0.35825,76,111,76,228.6
67,0.36393,85,112,76,228.8
68,0.3696,87,112,76,228.8
69,0.37527,87,112,75,228.8
70,0.38095,95,112,75,228.8
71,0.38658,82,113,75,228.8
72,0.39222,80,113,74,228.8
73,0.39783,84,114,75,228.6
74,0.40338,84,114,74,228.4
75,0.40893,93,115,74,228.4
76,0.41446,92,115,74,228.4
77,0.42,101,115,75,228.4
78,0.42549,105,115,75,228.4
79,0.43099,94,115,73,228.4
80,0.43646,108,115,72,228.6
81,0.44194,195,115,75,228.6
82,0.44749,157,116,75,228.6
83,0.45317,147,116,75,228.6
84,0.45886,154,117,77,228.6
85,0.46457,152,117,76,228.6
86,0.47032,162,117,76,228.6
87,0.4761,164,118,78,228.4
88,0.48192,149,118,78,228.4
89,0.48782,155,118,79,228.4
90,0.49372,160,118,79,228.4
91,0.49963,157,118,80,228.4
92,0.50563,146,114,80,228.4
93,0.51166,163,115,80,228.4
94,0.51769,152,115,81,228.4
95,0.52376,141,116,80,228.4
96,0.52978,145,116,80,228.4
97,0.53583,143,116,80,228.4
98,0.54187,143,116,80,228.4
99,0.54792,124,116,80,228.4
100,0.55397,133,116,81,228.4
101,0.56007,134,117,81,228.4
102,0.56612,135,117,82,228.4
103,0.57226,113,117,82,228.4
104,0.57818,35,116,71,228.6
105,0.58376,173,117,76,228.6
106,0.58943,186,117,79,228.6
107,0.59543,179,116,82,228.6
108,0.60143,343,116,82,228.6
109,0.60795,319,115,91,228.6
110,0.61494,321,115,95,228.6
111,0.6224,299,116,100,228.4
112,0.62969,288,116,89,228.4
113,0.63646,33,116,92,228.6
114,0.64333,216,117,95,228.8
115,0.6504,231,118,97,228.8
116,0.65783,231,119,67,228.8
117,0.66532,252,120,68,228.8
118,0.67304,251,121,75,228.8
119,0.68088,282,121,77,228.8
120,0.68897,276,123,78,228.8
121,0.69718,274,123,79,228.6
122,0.70558,253,124,81,228.6
123,0.71401,240,125,82,228.6
124,0.72256,252,125,83,228.6
125,0.73116,266,126,83,228.6
126,0.73983,247,127,84,228.6
127,0.74856,229,128,84,228.6
128,0.75729,247,129,84,228.6
129,0.76607,252,130,84,228.6
130,0.77487,267,131,85,228.6
131,0.7837,275,132,85,228.8
132,0.79261,315,133,86,228.8
133,0.80156,322,134,86,228.8
134,0.81052,297,135,86,228.8
135,0.81957,290,136,87,228.8
136,0.8286,272,136,87,228.8
137,0.83765,267,137,87,228.6
138,0.84671,262,138,86,228.6
139,0.85573,142,139,84,228.6
140,0.86475,199,139,84,228.6
141,0.87351,212,140,90,228.6
142,0.88225,205,141,89,228.6
143,0.89098,174,141,89,228.6
144,0.89958,163,142,87,228.6
145,0.90811,90,142,87,228.6
146,0.91637,58,143,84,228.6
147,0.92452,68,143,87,228.6
148,0.93226,86,143,84,228.4
149,0.93982,149,143,84,228.4
150,0.94738,153,144,80,228.4
151,0.95503,220,144,80,228.4
152,0.96289,253,144,82,228.6
153,0.97084,285,143,83,228.6
154,0.97893,262,143,83,228.6
155,0.98725,254,143,85,228.6
156,0.99566,259,142,86,228.6
157,1.00413,242,142,86,228.6
158,1.01264,243,142,86,228.6
159,1.02117,243,142,87,228.6
160,1.0297,239,142,87,228.6
161,1.03826,220,142,87,228.6
162,1.04678,179,142,86,228.6
163,1.05529,158,142,86,228.6
164,1.06376,149,143,86,228.6
165,1.07201,107,143,81,228.6
166,1.08019,119,143,86,228.6
167,1.08832,187,144,87,228.6
168,1.09646,198,144,84,228.6
169,1.10463,197,144,83,228.6
170,1.11283,187,145,83,228.8
171,1.12106,180,145,84,228.8
172,1.12929,173,145,83,228.8
173,1.13752,165,145,83,228.6
174,1.14572,143,145,83,228.6
175,1.1539,137,145,82,228.8
176,1.16202,162,144,83,228.6
177,1.17011,176,144,83,228.6
178,1.1782,180,144,83,228.6
179,1.18632,185,144,82,228.6
180,1.19443,189,143,82,228.6
181,1.20252,125,143,81,228.6
182,1.21058,152,143,81,228.6
183,1.21856,167,142,83,228.6
184,1.22652,169,142,84,228.6
185,1.23445,150,142,84,228.6
186,1.24236,131,142,83,228.6
187,1.25017,136,142,84,228.6
188,1.25793,151,141,84,228.6
189,1.26568,152,141,84,228.6
190,1.27342,169,141,84,228.6
191,1.28117,179,140,84,228.6
192,1.28892,192,140,84,228.6
193,1.29673,199,140,85,228.6
194,1.30457,197,140,85,228.6
195,1.31249,204,140,85,228.6
196,1.32043,187,139,85,228.6
197,1.32835,184,140,85,228.6
198,1.33629,184,140,85,228.6
199,1.34421,165,139,84,228.6
200,1.35211,149,140,84,228.6
201,1.35998,167,139,85,228.6
202,1.36782,173,139,85,228.6
203,1.37565,173,138,85,228.6
204,1.38349,172,137,85,228.6
205,1.39136,168,137,85,228.6
206,1.39926,167,136,85,228.6
207,1.40718,188,136,86,228.6
208,1.41512,171,136,85,228.8
209,1.42307,146,136,85,228.6
210,1.43103,144,136,85,228.6
211,1.43895,159,135,86,228.6
212,1.44685,152,135,84,228.6
213,1.45471,134,135,83,228.4
214,1.46252,134,135,84,228.4
215,1.4703,148,135,84,228.4
216,1.47807,166,135,84,228.4
217,1.48585,198,135,85,228.6
218,1.49367,192,134,85,228.6
219,1.50153,186,134,86,228.4
220,1.50943,207,134,85,228.4
221,1.51737,200,134,86,228.6
222,1.52535,198,134,86,228.6
223,1.53336,181,134,86,228.6
224,1.54139,173,134,87,228.8
225,1.5494,156,134,85,228.8
226,1.55732,111,134,81,228.8
227,1.56514,121,134,87,228.6
228,1.57292,172,134,85,228.6
229,1.58071,182,134,84,228.6
230,1.58853,177,134,84,228.6
231,1.59637,192,134,85,228.6
232,1.60424,161,134,84,228.6
233,1.61207,149,134,84,228.8
234,1.61989,158,133,84,228.8
235,1.62768,145,133,84,228.8
236,1.63544,168,133,85,228.8
237,1.64319,172,133,85,228.8
238,1.65103,232,133,84,228.8
239,1.6589,175,134,84,228.8
240,1.66679,202,134,85,228.8
241,1.67471,175,134,85,228.8
242,1.68264,183,134,86,228.8
243,1.69056,183,134,86,228.8
244,1.69849,182,134,85,228.6
245,1.7064,145,134,83,228.6
246,1.71419,111,134,81,228.6
247,1.72194,152,134,81,228.6
248,1.72965,188,134,87,228.8
249,1.73739,184,134,83,228.8
250,1.74512,190,135,84,228.8
251,1.7529,201,135,84,228.8
252,1.76071,197,135,84,228.8
253,1.76855,189,134,84,228.8
254,1.77642,185,134,84,228.8
255,1.78428,182,134,84,228.6
256,1.79215,191,134,85,228.6
257,1.80001,179,134,84,228.6
258,1.80785,173,134,84,228.6
259,1.81569,213,133,85,228.6
260,1.82355,207,133,84,228.6
261,1.83142,188,133,85,228.6
262,1.83932,201,132,86,228.8
263,1.84722,194,132,85,228.6
264,1.85511,193,132,85,228.6
265,1.86304,184,132,85,228.6
266,1.87094,177,132,85,228.6
267,1.87884,176,132,85,228.6
268,1.88672,174,132,85,228.4
269,1.89462,182,132,85,228.4
270,1.90252,177,132,85,228.4
271,1.91041,179,132,85,228.4
272,1.91832,183,132,85,228.4
273,1.92618,179,132,85,228.4
274,1.93405,173,132,85,228.4
275,1.94189,162,132,84,228.4
276,1.9497,165,132,84,228.4
277,1.95747,173,132,84,228.6
278,1.96519,170,132,82,228.6
279,1.97289,181,132,83,228.6
280,1.9806,192,132,84,228.6
281,1.98831,189,132,84,228.6
282,1.99603,181,132,83,228.8
283,2.00381,179,133,83,228.8
284,2.0116,191,132,84,228.8
285,2.01943,189,133,85,228.8
286,2.0273,182,132,85,228.8
287,2.03519,174,133,85,228.8
288,2.04314,174,133,85,228.8
289,2.0511,152,133,85,228.6
290,2.05905,152,133,84,228.6
291,2.06701,115,133,83,228.6
292,2.07488,131,133,84,228.6
293,2.08271,153,133,85,228.6
294,2.09055,174,133,84,228.6
295,2.09839,199,134,86,228.6
296,2.10632,182,134,85,228.4
297,2.11424,164,135,85,228.4
298,2.12217,141,134,84,228.4
299,2.13007,145,134,85,228.4
300,2.13793,170,134,86,228.6
301,2.1458,176,133,85,228.6
302,2.15366,163,133,85,228.6
303,2.16156,173,132,85,228.8
304,2.16945,169,131,85,228.8
305,2.17732,169,131,84,228.6
306,2.18521,186,131,85,228.8
307,2.19314,201,131,86,228.6
308,2.20112,241,130,86,228.6
309,2.20921,209,130,87,228.6
310,2.21736,217,130,89,228.6
311,2.22561,238,130,89,228.6
312,2.23395,219,129,89,228.6
313,2.24232,209,129,90,228.6
314,2.25073,216,129,92,228.6
315,2.25919,215,129,92,228.6
316,2.26766,198,130,91,228.6
317,2.27613,201,130,91,228.6
318,2.2846,194,130,91,228.6
319,2.29307,204,131,91,228.6
320,2.30128,164,131,87,228.6
321,2.30939,198,132,88,228.4
322,2.31745,191,132,82,228.4
323,2.32554,198,133,83,228.4
324,2.33365,191,133,83,228.4
325,2.34177,190,134,83,228.4
326,2.34992,187,134,83,228.4
327,2.35806,188,135,83,228.4
328,2.36621,193,135,83,228.6
329,2.3743,123,135,79,228.6
330,2.3823,83,135,79,228.6
331,2.39023,163,136,83,228.6
332,2.3981,195,136,83,228.6
333,2.406,186,136,81,228.6
334,2.41392,171,137,80,228.6
335,2.42185,149,137,79,228.6
336,2.42971,188,137,82,228.6
337,2.43758,194,137,82,228.6
338,2.4455,201,137,81,228.6
339,2.45343,197,137,81,228.6
340,2.46145,196,137,82,228.6
341,2.46948,197,137,82,228.6
342,2.47754,194,137,82,228.8
343,2.4856,189,137,82,228.8
344,2.49367,180,137,82,228.8
345,2.50173,197,137,83,228.6
346,2.50982,195,137,83,228.6
347,2.51793,189,137,82,228.6
348,2.52604,188,137,83,228.6
349,2.53416,184,137,83,228.6
350,2.54227,190,137,83,228.6
351,2.55038,181,137,83,228.6
352,2.55849,187,137,83,228.6
353,2.56661,188,137,83,228.6
354,2.57473,181,137,83,228.6
355,2.58284,196,137,82,228.6
356,2.59096,158,137,82,228.4
357,2.59905,155,137,81,228.2
358,2.60711,180,137,83,228.2
359,2.61514,164,137,82,228.2
360,2.62318,206,137,83,228.2
361,2.63124,202,137,83,228.2
362,2.63933,203,137,83,228.4
363,2.64743,199,137,83,228.4
364,2.65558,197,137,83,228.6
365,2.66373,201,137,83,228.6
366,2.67191,206,137,83,228.6
367,2.68011,195,137,84,228.8
368,2.68834,198,137,84,228.8
369,2.6966,208,137,84,228.6
370,2.70486,211,137,84,228.6
371,2.71313,196,136,84,228.6
372,2.72141,197,136,85,228.6
373,2.72969,202,136,85,228.6
374,2.738,195,136,85,228.6
375,2.74631,198,136,84,228.6
376,2.75463,192,136,84,228.6
377,2.76294,183,136,84,228.6
378,2.77122,187,136,85,228.6
379,2.77949,183,136,84,228.6
380,2.78775,182,137,84,228.6
381,2.79601,217,137,85,228.6
382,2.80432,218,137,85,228.8
383,2.81266,209,137,85,228.6
384,2.82102,205,137,85,228.6
385,2.82942,223,137,86,228.6
386,2.83781,203,137,85,228.4
387,2.84623,215,137,86,228.4
388,2.85464,218,138,86,228.4
389,2.86308,205,138,86,228.4
390,2.87153,203,138,86,228.6
391,2.87998,199,139,86,228.6
392,2.88841,200,138,86,228.6
393,2.89683,194,139,86,228.6
394,2.90524,203,139,86,228.6
395,2.91367,210,139,86,228.6
396,2.92209,216,139,86,228.6
397,2.93057,225,139,86,228.6
398,2.93908,234,140,87,228.6
399,2.94764,230,140,87,228.6
400,2.95621,201,140,87,228.6
401,2.96473,187,141,86,228.6
402,2.97324,203,141,87,228.6
403,2.98175,218,141,87,228.6
404,2.99026,219,142,87,228.6
405,2.99877,208,142,87,228.6
406,3.00728,188,142,86,228.6
407,3.01579,202,142,87,228.6
408,3.0243,212,143,87,228.6
409,3.03281,211,143,86,228.6
410,3.04128,206,143,87,228.6
411,3.04976,200,143,86,228.8
412,3.05821,204,143,87,228.6
413,3.06666,200,143,86,228.6
414,3.07512,191,142,86,228.6
415,3.08355,199,142,86,228.6
416,3.092,204,142,86,228.4
417,3.10041,196,143,86,228.4
418,3.10883,205,143,86,228.4
419,3.11724,202,143,86,228.6
420,3.12568,211,143,86,228.6
421,3.13413,193,144,85,228.6
422,3.14259,205,144,86,228.6
423,3.15106,222,144,87,228.6
424,3.15953,213,145,87,228.6
425,3.16804,225,145,87,228.6
426,3.17656,243,145,88,228.4
427,3.18514,228,145,87,228.6
428,3.19374,164,146,87,228.6
429,3.20226,104,146,83,228.6
430,3.2106,119,146,85,228.6
431,3.21894,142,146,85,228.6
432,3.22715,162,146,84,228.8
433,3.23536,174,146,84,228.8
434,3.24352,173,146,84,228.8
435,3.25163,179,146,82,228.8
436,3.25974,185,145,83,228.8
437,3.26785,181,145,83,228.8
438,3.27594,177,144,82,228.6
439,3.28403,188,144,83,228.6
440,3.29212,187,144,82,228.6
441,3.30023,202,144,82,228.6
442,3.30836,198,143,83,228.6
443,3.31653,186,143,83,228.6
444,3.3247,183,143,82,228.8
445,3.33288,200,142,84,228.8
446,3.34104,196,141,83,228.8
447,3.3491,120,141,77,228.8
448,3.35714,134,141,77,228.8
449,3.36504,157,140,82,228.8
450,3.3729,161,139,81,228.8
451,3.38077,192,139,81,228.6
452,3.38864,221,139,82,228.6
453,3.39656,217,138,82,228.6
454,3.40456,223,138,82,228.4
455,3.41263,208,137,82,228.4
456,3.42076,218,137,83,228.4
457,3.42894,176,137,81,228.4
458,3.43711,123,137,81,228.6
459,3.44522,137,137,81,228.8
460,3.45325,160,136,84,228.8
461,3.46127,185,137,84,228.8
462,3.4693,196,137,82,228.8
463,3.47733,184,137,82,228.8
464,3.4854,180,137,82,228.8
465,3.49346,171,137,82,228.8
466,3.50149,173,137,82,228.8
467,3.50952,175,136,82,228.8
468,3.51753,181,136,82,228.8
469,3.52554,190,136,82,229
470,3.53357,188,136,81,228.8
471,3.54163,205,135,82,228.8
472,3.54969,158,135,81,229
473,3.55773,144,135,81,229
474,3.5657,147,135,81,228.8
475,3.57364,177,136,81,228.8
476,3.58159,224,137,82,228.8
477,3.58957,154,137,79,228.8
478,3.5975,95,137,76,228.6
479,3.60543,136,137,76,228.6
480,3.61311,163,138,83,228.4
481,3.62079,171,137,82,228.4
482,3.62847,179,137,83,228.4
483,3.6362,178,136,83,228.4
484,3.64393,167,136,82,228.4
485,3.65169,170,135,83,228.4
486,3.65945,174,135,83,228.4
487,3.6672,179,134,84,228.4
488,3.67497,171,134,84,228.4
489,3.68275,161,134,84,228.4
490,3.6905,152,134,83,228.4
491,3.69827,163,133,83,228.2
492,3.70599,162,133,84,228.4
493,3.71372,160,133,83,228.4
494,3.72145,170,132,84,228.4
495,3.72919,170,132,84,228.4
496,3.73693,165,132,83,228.4
497,3.7447,164,132,83,228.4
498,3.75242,111,131,81,228.4
499,3.76005,120,131,82,228.4
500,3.76765,157,131,83,228.6
501,3.77522,175,131,83,228.6
502,3.78278,180,131,83,228.6
503,3.79041,171,131,82,228.6
504,3.79806,158,131,82,228.6
505,3.80565,98,131,78,228.6
506,3.81321,97,130,78,228.6
507,3.82067,161,130,82,228.6
508,3.82809,182,130,83,228.6
509,3.83555,190,130,82,228.6
510,3.84306,179,129,81,228.6
511,3.85063,176,129,81,228.6
512,3.85825,178,128,82,228.6
513,3.86587,184,128,82,228.4
514,3.87355,181,128,83,228.6
515,3.88128,184,127,83,228.6
516,3.88903,194,127,84,228.6
517,3.8968,165,127,83,228.6
518,3.90456,153,127,82,228.6
519,3.91232,155,127,83,228.6
520,3.92007,162,127,84,228.6
521,3.9278,167,127,84,228.4
522,3.93553,167,127,84,228.4
523,3.94327,170,127,83,228.4
524,3.951,148,127,83,228.4
525,3.95873,116,126,82,228.4
526,3.96641,106,126,80,228.6
527,3.97409,162,126,83,228.6
528,3.98169,172,126,84,228.6
529,3.98934,174,126,83,228.6
530,3.99702,188,126,83,228.6
531,4.00474,192,127,83,228.6
532,4.01247,142,127,83,228.6
533,4.02018,135,127,82,228.6
534,4.02785,138,127,82,228.6
535,4.03548,133,128,82,228.6
536,4.0431,175,129,82,228.8
537,4.05072,122,130,81,228.8
538,4.0583,153,131,82,228.8
539,4.06587,163,132,82,228.8
540,4.07344,172,132,82,228.8
541,4.08103,164,132,81,228.8
542,4.08863,172,131,81,228.8
543,4.09629,298,130,86,228.8
544,4.10402,293,129,87,228.8
545,4.11196,282,129,86,228.8
546,4.12008,305,128,88,228.8
547,4.12844,334,128,91,228.8
548,4.13689,329,128,91,229
549,4.14553,314,128,93,229
550,4.15426,235,128,91,229
551,4.16293,162,128,91,229
552,4.17153,134,128,90,229
553,4.17991,97,128,89,229
554,4.18802,92,129,89,229
555,4.19608,170,129,89,229
556,4.20408,231,130,89,228.8
557,4.21204,191,131,85,228.8
558,4.21994,195,132,85,228.6
559,4.22777,207,133,85,228.6
560,4.2356,201,134,84,228.6
561,4.24336,206,134,84,228.6
562,4.25109,200,134,83,228.6
563,4.25879,184,134,82,228.6
564,4.26641,173,135,83,228.6
565,4.27395,168,135,89,228.6
566,4.28149,180,136,89,228.8
567,4.28896,148,136,88,228.8
568,4.29632,140,136,86,228.8
569,4.30355,134,135,85,228.8
570,4.31065,135,136,84,228.8
571,4.31764,148,136,83,228.8
572,4.3246,152,136,83,228.6
573,4.3315,152,137,82,228.6
574,4.33841,190,137,84,228.4
575,4.34531,165,137,83,228.4
576,4.35225,178,137,83,228.4
577,4.35923,258,138,84,228.4
578,4.36634,193,139,85,228.4
579,4.37352,198,139,85,228.4
580,4.38079,198,139,88,228.4
581,4.38806,227,139,88,228.4
582,4.39543,235,140,90,228.4
583,4.40302,208,140,89,228.6
584,4.41067,163,140,90,228.6
585,4.41838,163,139,90,228.6
586,4.42609,156,139,91,228.6
587,4.43379,164,139,94,228.8
588,4.44144,162,139,92,228.8
589,4.44909,189,139,88,228.8
590,4.45676,179,139,83,228.8
591,4.46448,156,139,82,228.8
592,4.47225,171,138,84,228.8
593,4.48006,153,139,84,228.8
594,4.48787,147,138,84,228.8
595,4.4957,155,138,85,228.8
596,4.50357,169,138,85,228.8
597,4.51152,182,138,86,228.8
598,4.51949,180,138,86,228.8
599,4.52752,168,137,86,228.8
600,4.53561,172,137,87,228.8
601,4.5437,150,137,86,228.8
602,4.55179,142,137,87,228.8
603,4.55991,145,137,87,228.8
604,4.56789,129,137,84,228.8
605,4.57584,85,137,84,229
606,4.58373,94,137,84,229
607,4.59155,140,136,86,229.2
608,4.59937,153,135,85,229.2
609,4.60721,171,134,85,229.2
610,4.61511,160,134,84,229.2
611,4.623,144,133,84,229.2
612,4.63087,135,133,84,229.2
613,4.6387,141,133,84,229.2
614,4.64648,150,132,83,229.2
615,4.65424,139,132,83,229.2
616,4.66197,143,132,83,229.4
617,4.66964,179,131,83,229.2
618,4.67724,176,131,83,229.2
619,4.68489,191,130,83,229.2
620,4.69255,202,130,83,229.2
621,4.70022,174,130,90,229
622,4.70789,154,130,90,229
623,4.7156,120,129,90,229
624,4.72311,167,129,91,229
625,4.73065,149,129,91,229
626,4.73792,169,128,89,229
627,4.74516,146,128,77,229
628,4.75237,148,127,78,229
629,4.75959,170,127,78,229
630,4.76683,203,127,79,229.2
631,4.77412,224,127,80,229.2
632,4.78151,216,126,81,229.2
633,4.78903,197,126,83,229.2
634,4.79665,192,126,91,229.2
635,4.80432,204,125,91,229.2
636,4.81199,172,125,91,229.2
637,4.81964,242,125,92,229.2
638,4.82734,206,125,84,229.2
639,4.83512,210,125,84,229.2
640,4.84295,213,125,85,229.2
641,4.8509,192,125,86,229.2
642,4.85887,192,125,85,229.2
643,4.86683,129,126,84,229.2
644,4.87479,115,126,83,229
645,4.88263,96,126,83,229
646,4.89039,91,127,82,229
647,4.89808,141,127,83,229
648,4.90571,180,128,84,229
649,4.91336,170,128,82,229
650,4.92101,173,128,82,229
651,4.92869,176,128,84,229
652,4.93639,192,129,84,229
653,4.94415,170,129,83,229
654,4.95191,167,129,83,229
655,4.9597,174,129,83,229
656,4.96749,178,129,84,228.8
657,4.97532,199,129,85,229
658,4.98319,202,129,85,229
659,4.99109,191,129,85,229
660,4.99901,196,129,86,229.2
661,5.00698,192,129,86,229.2
662,5.015,191,129,86,229.2
663,5.02303,178,129,86,229.2
664,5.03106,168,129,86,229.2
665,5.03907,169,130,86,229
666,5.04709,180,130,87,229
667,5.0551,194,130,87,229
668,5.06313,166,130,86,229
669,5.07117,151,131,85,229
670,5.07914,136,131,86,229
671,5.0871,135,131,85,229
672,5.09502,123,131,84,229
673,5.10285,163,131,87,228.8
674,5.11069,192,132,88,228.8
675,5.1186,192,132,86,228.8
676,5.12655,157,132,83,228.8
677,5.13449,157,133,84,228.8
678,5.14244,187,133,87,228.8
679,5.1504,186,133,86,228.6
680,5.15837,158,133,85,228.6
681,5.16635,129,133,83,228.6
682,5.17424,170,133,87,228.6
683,5.18214,204,133,87,228.8
684,5.19006,186,133,85,228.8
685,5.19801,184,133,86,228.8
686,5.20598,203,132,86,229
687,5.21395,166,132,84,229.2
688,5.22193,89,132,84,229.2
689,5.2298,85,131,82,229.2
690,5.23754,136,131,85,229
691,5.24522,204,131,85,229
692,5.25296,204,131,85,229
693,5.26077,212,130,85,228.8
694,5.26867,209,130,85,228.8
695,5.27662,193,129,85,228.8
696,5.28458,135,129,83,228.6
697,5.29244,121,128,84,228.6
698,5.30025,133,128,85,228.6
699,5.30802,113,129,83,228.6
700,5.31571,159,129,84,228.6
701,5.32342,184,130,84,228.6
702,5.33116,177,130,83,228.6
703,5.33888,182,130,83,228.6
704,5.34666,180,130,84,228.6
705,5.35446,155,130,83,228.6
706,5.36226,155,130,83,228.8
707,5.37001,158,130,85,228.8
708,5.3778,180,129,85,228.8
709,5.38562,213,129,86,228.8
710,5.3935,231,129,86,228.8
711,5.40143,242,129,86,228.8
712,5.40949,233,128,87,228.8
713,5.4176,233,128,88,228.8
714,5.42585,250,128,89,228.8
715,5.43413,208,128,88,228.8
716,5.44241,194,128,88,228.6
717,5.45068,199,128,89,228.6
718,5.45896,192,128,89,228.6
719,5.46724,192,128,89,228.6
720,5.47551,194,129,89,228.6
721,5.48377,209,129,90,228.6
722,5.49205,232,129,90,228.6
723,5.50039,257,129,91,228.6
724,5.50882,239,129,90,228.8
725,5.5173,217,129,90,228.8
726,5.52581,243,129,92,228.8
727,5.53415,229,129,90,228.8
728,5.5424,271,130,86,228.8
729,5.55068,252,130,86,228.8
730,5.55905,245,131,86,228.6
731,5.56748,237,131,86,228.6
732,5.57595,245,132,87,228.6
733,5.5845,247,132,87,228.6
734,5.59306,144,132,83,228.6
735,5.6015,106,133,83,228.6
736,5.60993,97,133,83,228.6
737,5.61799,87,134,86,228.6
738,5.62594,104,134,85,228.8
739,5.63385,139,135,84,228.8
740,5.64161,157,136,84,228.8
741,5.64933,169,136,84,228.8
742,5.65707,171,136,83,228.8
743,5.66477,160,136,81,228.8
744,5.67247,156,136,85,228.8
745,5.68017,206,136,86,228.8
746,5.68787,178,136,86,228.8
747,5.69559,190,136,86,228.8
748,5.70328,180,135,86,229
749,5.71099,188,135,86,229
750,5.71872,167,135,90,229
751,5.72642,128,135,95,229
752,5.73411,124,135,98,229
753,5.74171,245,135,101,229
754,5.74911,185,135,100,228.8
755,5.75628,237,135,100,228.8
756,5.76346,191,135,101,228.8
757,5.77081,189,135,80,228.8
758,5.77816,187,135,80,229
759,5.78567,192,135,81,229
760,5.79321,169,135,81,229
761,5.80077,170,135,81,228.8
762,5.80837,173,135,82,229
763,5.81599,178,135,82,229
764,5.82362,163,135,81,229
765,5.83124,127,135,80,229
766,5.8388,110,135,80,229
767,5.84626,117,134,81,229
768,5.85368,130,134,80,229
769,5.86108,145,134,80,229
770,5.86845,124,134,79,229
771,5.87581,131,133,80,229
772,5.88313,136,133,80,229
773,5.89045,161,132,80,228.8
774,5.89777,159,132,80,228.8
775,5.90517,249,131,82,228.8
776,5.91282,274,131,83,228.8
777,5.92058,261,130,84,228.8
778,5.92859,247,130,86,229
779,5.93663,240,129,86,229
780,5.94473,237,129,88,229
781,5.95294,223,129,88,229
782,5.96119,206,129,88,229
783,5.96945,193,129,88,229
784,5.97771,200,129,89,229
785,5.98597,203,129,89,229
786,5.99422,184,130,89,229
787,6.00248,191,130,89,229
788,6.01074,192,131,89,229
789,6.019,203,131,88,228.8
790,6.02723,173,132,88,228.8
791,6.03544,196,133,89,228.8
792,6.04367,205,134,89,228.8
793,6.0519,226,134,89,228.8
794,6.06016,224,136,90,228.6
795,6.06847,209,136,89,228.6
796,6.07683,248,136,91,228.6
797,6.08497,207,136,86,228.6
798,6.09301,245,136,85,228.6
799,6.1011,237,136,83,228.6
800,6.1093,221,136,83,228.6
801,6.11756,228,136,84,228.8
802,6.12583,196,136,84,228.8
803,6.13411,213,136,85,228.8
804,6.14242,221,136,85,228.8
805,6.15077,218,136,85,228.6
806,6.15913,228,136,86,228.6
807,6.16755,266,137,87,228.6
808,6.17602,279,136,87,228.6
809,6.18463,264,136,87,228.6
810,6.19334,261,136,89,228.6
811,6.20207,244,136,88,228.6
812,6.21081,212,136,88,228.6
813,6.21953,213,136,89,228.6
814,6.22825,214,137,89,228.6
815,6.23694,182,137,88,228.6
816,6.24558,170,138,87,228.8
817,6.25414,172,138,87,228.8
818,6.26265,168,138,87,228.8
819,6.2711,171,139,86,228.6
820,6.2795,163,139,85,228.6
821,6.28784,182,139,84,228.6
822,6.29612,128,139,81,228.6
823,6.30418,101,139,80,228.6
824,6.31215,149,140,84,228.4
825,6.3201,184,140,82,228.6
826,6.32806,160,140,82,228.6
827,6.33601,163,140,84,228.6
828,6.34393,153,139,84,228.8
829,6.35183,215,139,86,228.8
830,6.35973,211,139,87,228.8
831,6.36767,162,140,85,228.8
832,6.37562,120,139,83,228.8
833,6.38348,115,138,81,228.8
834,6.3913,170,138,81,229
835,6.39909,149,138,83,229
836,6.40686,150,137,82,229
837,6.4146,164,137,84,229
838,6.42231,182,136,84,229
839,6.43003,170,136,84,229
840,6.43773,100,135,81,229
841,6.44538,71,134,81,229
842,6.45282,105,133,83,229
843,6.46022,158,133,84,228.8
844,6.46762,174,133,81,228.8
845,6.47508,187,132,81,228.8
846,6.48259,177,132,81,228.6
847,6.49016,166,132,81,228.8
848,6.49773,166,131,82,228.8
849,6.50532,172,131,81,228.8
850,6.51295,161,130,82,229
851,6.52057,172,130,82,229
852,6.52822,167,130,82,229
853,6.53587,165,130,82,229
854,6.54352,149,130,82,229
855,6.55117,165,130,82,229
856,6.55883,158,130,83,229.2
857,6.56648,178,129,82,229.2
858,6.57416,171,129,83,229
859,6.58185,184,129,83,229
860,6.58958,176,129,83,229
861,6.59733,167,128,83,229
862,6.6051,164,128,82,229
863,6.61283,132,127,83,229
864,6.62051,159,127,84,229
865,6.62819,163,127,83,229.2
866,6.63586,148,127,82,229.2
867,6.64354,148,126,82,229
868,6.65117,125,126,81,229
869,6.65877,146,126,82,229.2
870,6.66632,170,126,82,229.2
871,6.67388,204,125,82,229.2
872,6.6815,191,125,84,229.2
873,6.6892,176,125,82,229.2
874,6.6969,169,125,82,229
875,6.70464,175,125,84,229
876,6.71237,169,125,84,229
877,6.72013,166,125,82,229
878,6.72785,147,124,83,229.2
879,6.73552,137,124,80,229.2
880,6.74317,137,123,82,229.2
881,6.7508,167,123,83,229.2
882,6.75842,170,123,83,229.2
883,6.76607,171,123,83,229.2
884,6.77374,164,124,82,229.2
885,6.78141,165,123,82,229.2
886,6.78908,173,123,83,229.4
887,6.79673,161,123,82,229.4
888,6.80433,164,123,81,229.4
889,6.81188,146,123,80,229.4
890,6.81934,121,123,80,229.4
891,6.82679,217,124,80,229.4
892,6.83431,187,125,82,229.4
893,6.8419,185,125,82,229.6
894,6.84955,191,125,83,229.4
895,6.85729,176,124,83,229.4
896,6.86505,128,124,83,229.4
897,6.87278,98,124,81,229.2
898,6.88046,175,124,85,229.2
899,6.88813,136,126,83,229
900,6.8958,131,127,82,229
901,6.90344,133,128,81,229
902,6.91099,132,125,81,228.8
903,6.91845,122,126,79,228.8
904,6.92582,123,127,79,228.8
905,6.93306,134,128,78,228.8
906,6.94027,141,128,77,229
907,6.94745,225,129,79,229
908,6.95466,225,130,78,229
909,6.96189,217,130,78,229
910,6.96912,212,130,78,229
911,6.97635,218,129,78,229
912,6.98363,222,129,78,229
913,6.99095,213,128,79,229
914,6.9983,206,128,79,229
915,7.00567,176,127,79,229
916,7.01302,195,126,87,229
917,7.0204,195,126,87,229
918,7.02763,190,125,86,229
919,7.0348,218,125,87,229
920,7.04202,196,125,81,229
921,7.0493,134,125,78,229
922,7.05659,149,125,77,229
923,7.06385,122,125,78,229
924,7.07109,138,125,78,229.2
925,7.07832,130,125,78,229.2
926,7.08556,133,126,78,229.2
927,7.09279,151,126,79,229.2
928,7.10005,160,127,79,229.4
929,7.10734,192,128,79,229.4
930,7.11469,142,128,79,229.4
931,7.12209,143,128,79,229.4
932,7.12949,130,128,79,229.4
933,7.13689,139,128,81,229.4
934,7.14432,172,128,81,229.4
935,7.15178,168,128,81,229.4
936,7.15929,206,128,82,229.4
937,7.16699,243,128,84,229.4
938,7.17482,253,129,84,229.4
939,7.18275,222,129,86,229.4
940,7.19081,222,129,87,229.6
941,7.19892,203,130,87,229.6
942,7.2071,211,130,89,229.6
943,7.21533,222,130,89,229.4
944,7.22365,219,130,89,229.4
945,7.23199,201,131,89,229.4
946,7.24035,186,131,89,229.4
947,7.24871,169,131,89,229.4
948,7.25705,183,131,90,229.4
949,7.26536,194,131,90,229.4
950,7.27371,193,131,89,229.4
951,7.28205,188,131,90,229.4
952,7.29039,194,131,90,229.4
953,7.29873,201,131,91,229.4
954,7.30711,253,131,90,229.4
955,7.31548,210,131,89,229.4
956,7.32382,189,132,89,229.4
957,7.33212,174,132,88,229.4
958,7.34032,149,132,87,229.2
959,7.34838,167,132,88,229.2
960,7.35641,198,133,89,229.2
961,7.36442,207,133,88,229.4
962,7.37243,221,133,88,229.4
963,7.38049,200,133,87,229.4
964,7.3886,202,133,87,229.4
965,7.39674,175,133,88,229.4
966,7.40491,177,133,88,229.4
967,7.41312,205,133,89,229.4
968,7.42136,195,132,90,229.4
969,7.42964,189,132,89,229.4
970,7.43795,188,132,90,229.6
971,7.44632,203,132,89,229.6
972,7.45474,196,132,90,229.6
973,7.46316,195,132,91,229.4
974,7.47159,214,132,91,229.4
975,7.48005,202,132,91,229.4
976,7.48856,235,132,93,229.4
977,7.49712,274,132,93,229.4
978,7.50572,234,133,92,229.4
979,7.51439,234,133,92,229.4
980,7.523,173,133,91,229.4
981,7.53158,149,133,92,229.4
982,7.54009,179,134,93,229.4
983,7.5486,190,134,93,229.4
984,7.55703,181,135,90,229.4
985,7.56543,181,135,91,229.4
986,7.57382,199,136,91,229.4
987,7.58223,264,136,92,229.4
988,7.59066,292,136,93,229.4
989,7.5993,263,137,92,229.4
990,7.60797,225,137,92,229.4
991,7.61667,230,137,93,229.4
992,7.62539,230,138,93,229.4
993,7.63409,217,138,95,229.4
994,7.64281,219,138,94,229.4
995,7.65153,219,139,94,229.4
996,7.66023,201,139,93,229.4
997,7.6689,192,139,94,229.4
998,7.67754,202,139,94,229.6
999,7.68618,243,140,94,229.6
1000,7.69485,247,140,94,229.6
1001,7.70354,228,140,94,229.6
1002,7.71227,202,141,93,229.6
1003,7.72096,212,141,93,229.4
1004,7.72963,194,141,93,229.4
1005,7.73827,239,141,91,229.4
1006,7.74684,247,142,93,229.4
1007,7.75531,254,142,91,229.4
1008,7.76374,230,142,89,229.2
1009,7.77201,248,143,89,229.2
1010,7.78024,242,143,88,229.2
1011,7.78833,240,143,87,229.2
1012,7.79628,233,144,85,229.2
1013,7.80419,236,144,85,229.2
1014,7.81202,253,144,84,229.2
1015,7.81983,315,144,85,229.4
1016,7.82765,304,145,83,229.4
1017,7.83542,240,145,82,229.4
1018,7.84309,213,145,86,229.4
1019,7.85062,237,145,90,229.4
1020,7.85814,254,146,89,229.6
1021,7.8656,239,146,85,229.6
1022,7.87306,156,146,85,229.6
1023,7.88032,213,147,88,229.4
1024,7.88748,208,147,86,229.4
1025,7.89461,221,148,85,229.4
1026,7.90167,227,148,84,229.6
1027,7.90874,235,148,84,229.6
1028,7.91582,232,148,84,229.6
1029,7.92286,209,148,84,229.6
1030,7.92988,216,149,83,229.6
1031,7.93687,224,149,83,229.6
1032,7.94383,212,149,83,229.4
1033,7.95076,215,150,83,229.4
1034,7.95769,210,150,83,229.4
1035,7.9646,211,149,82,229.2
1036,7.9715,206,149,82,229.2
1037,7.97841,206,149,81,229.2
1038,7.98526,179,149,80,229.2
1039,7.99205,155,148,80,229.2
1040,7.99882,184,148,80,229.2
1041,8.00554,155,148,80,229.2
1042,8.01219,170,148,78,229.2
1043,8.01873,183,148,79,229.2
1044,8.02524,149,148,76,229.2
1045,8.03171,166,147,75,229.4
1046,8.03812,206,147,78,229.4
1047,8.04458,206,147,77,229.4
1048,8.05107,175,147,77,229.4
1049,8.05756,122,147,75,229.4
1050,8.06403,207,146,78,229.4
1051,8.07057,198,146,78,229.4
1052,8.07714,177,146,77,229.4
1053,8.08383,243,145,81,229.4
1054,8.09054,205,145,81,229.4
1055,8.09731,183,145,80,229.4
1056,8.1041,182,144,81,229.4
1057,8.1109,202,144,82,229.4
1058,8.11772,208,144,82,229.2
1059,8.12459,182,144,81,229.2
1060,8.1315,131,144,82,229.4
1061,8.1384,132,143,81,229.4
1062,8.14528,103,142,81,229.4
1063,8.15207,177,142,84,229.6
1064,8.15889,215,142,85,229.6
1065,8.16583,245,142,84,229.4
1066,8.17287,269,143,85,229.2
1067,8.18003,257,142,86,229.2
1068,8.18731,244,142,86,229.2
1069,8.19467,214,142,86,229.2
1070,8.20199,176,142,86,229.2
1071,8.20926,166,141,85,229.2
1072,8.21644,135,141,83,229.2
1073,8.2235,143,141,84,229.2
1074,8.23049,125,140,82,229.2
1075,8.23736,155,140,83,229.2
1076,8.24421,182,141,83,229.2
1077,8.25109,181,141,83,229.2
1078,8.25797,187,141,83,229.2
1079,8.26491,189,141,84,229.2
1080,8.2719,193,141,84,229.2
1081,8.27894,190,141,84,229.2
1082,8.28606,177,141,85,229.2
1083,8.29318,165,140,85,229.2
1084,8.30036,165,140,85,229
1085,8.30753,128,139,84,229
1086,8.31469,167,139,87,229
1087,8.32184,218,138,88,229
1088,8.32906,184,138,86,229.2
1089,8.3363,180,138,86,229.2
1090,8.34356,199,138,86,229.2
1091,8.35083,189,139,86,229.2
1092,8.35809,187,138,85,229.4
1093,8.36533,197,139,87,229.4
1094,8.37259,212,138,87,229.4
1095,8.37988,205,138,87,229.4
1096,8.38717,214,138,88,229.4
1097,8.39454,204,138,88,229.4
1098,8.40194,185,137,88,229.4
1099,8.40941,195,137,90,229.4
1100,8.41692,208,137,90,229.6
1101,8.42444,194,136,87,229.6
1102,8.43181,221,136,88,229.6
1103,8.43912,226,136,89,229.6
1104,8.44652,225,135,81,229.6
1105,8.45401,204,135,82,229.6
1106,8.46164,190,135,81,229.6
1107,8.46926,164,135,81,229.6
1108,8.47686,191,135,81,229.6
1109,8.48435,200,135,81,229.8
1110,8.49175,181,134,78,229.6
1111,8.4989,189,134,85,229.6
1112,8.506,219,134,85,229.6
1113,8.51301,237,134,84,229.6
1114,8.51998,228,134,82,229.6
1115,8.52689,234,134,82,229.4
1116,8.53371,239,134,81,229.4
1117,8.5405,242,134,82,229.4
1118,8.54729,231,134,81,229.4
1119,8.55411,199,134,81,229.4
1120,8.56091,154,135,79,229.4
1121,8.56757,178,135,80,229.4
1122,8.57415,208,135,77,229.6
1123,8.58058,192,135,81,229.6
1124,8.58697,192,135,82,229.6
1125,8.5933,214,135,83,229.6
1126,8.59966,220,135,83,229.8
1127,8.60601,219,135,83,229.8
1128,8.61237,236,135,83,229.8
1129,8.61872,235,136,83,229.8
1130,8.62507,233,136,83,229.6
1131,8.63143,230,136,83,229.6
1132,8.63775,227,137,82,229.6
1133,8.64405,224,137,82,229.6
1134,8.65032,224,137,82,229.6
1135,8.65659,214,137,81,229.6
1136,8.66284,226,137,82,229.6
1137,8.66913,218,137,84,229.6
1138,8.67552,152,138,82,229.6
1139,8.68193,145,137,82,229.6
1140,8.68836,171,137,85,229.6
1141,8.69479,161,137,84,229.6
1142,8.70117,191,138,84,229.6
1143,8.70753,206,138,84,229.6
1144,8.71383,193,138,81,229.6
1145,8.72005,168,139,79,229.8
1146,8.7261,214,139,79,229.8
1147,8.73212,222,138,78,229.8
1148,8.73804,220,138,77,229.8
1149,8.74387,190,138,75,229.8
1150,8.7497,193,138,79,229.8
1151,8.75565,150,138,80,229.8
1152,8.76179,102,138,81,229.6
1153,8.76823,89,137,83,229.6
1154,8.77469,106,137,83,229.6
1155,8.78116,221,137,84,229.6
1156,8.78748,237,137,84,229.6
1157,8.79356,186,138,78,229.6
1158,8.79942,314,138,79,229.6
1159,8.80533,290,138,76,229.6
1160,8.81119,112,138,71,229.4
1161,8.81694,34,137,69,229.4
1162,8.82239,115,136,67,229.6
1163,8.82787,167,135,71,229.6
1164,8.8337,171,136,79,229.6
1165,8.83989,207,136,80,229.6
1166,8.84611,180,136,79,229.8
1167,8.85232,192,135,81,229.8
1168,8.85848,204,135,80,229.8
1169,8.86462,223,135,80,229.8
1170,8.87073,227,135,79,229.8
1171,8.87684,238,134,80,229.8
1172,8.88296,271,134,80,230
1173,8.88909,188,134,79,229.8
1174,8.89518,200,133,79,229.8
1175,8.90122,218,133,80,229.6
1176,8.90734,219,133,81,229.6
1177,8.91352,217,133,82,229.6
1178,8.91979,199,133,84,229.6
1179,8.92637,188,133,89,229.6
1180,8.93309,152,133,91,229.6
1181,8.94005,138,133,95,229.6
1182,8.94701,131,133,85,229.6
1183,8.95425,131,133,86,229.6
1184,8.96146,149,134,86,229.8
1185,8.9685,221,134,80,229.8
1186,8.97543,286,134,75,229.8
1187,8.98225,310,134,73,229.8
1188,8.98905,296,134,73,229.6
1189,8.99603,296,134,79,229.6
1190,9.00321,231,134,78,229.6
1191,9.01066,137,134,80,229.6
1192,9.01812,119,134,80,229.6
1193,9.02591,119,134,84,229.6
1194,9.0337,132,134,84,229.6
1195,9.04157,164,134,86,229.6
1196,9.04936,192,135,82,229.6
1197,9.05702,256,135,82,229.6
1198,9.06456,298,135,81,229.6
1199,9.07185,332,135,78,229.4
1200,9.07903,272,135,76,229.4
1201,9.08621,204,135,76,229.4
1202,9.09339,86,134,78,229.4
1203,9.10062,98,134,78,229.2
1204,9.10795,98,134,78,229.2
1205,9.11521,187,135,75,229.4
1206,9.12223,270,135,77,229.2
1207,9.12922,292,135,77,229.2
1208,9.13646,292,135,80,229.4
1209,9.14392,251,134,82,229.4
1210,9.15172,187,134,82,229.4
1211,9.15958,109,134,82,229.2
1212,9.16755,83,133,82,229.2
1213,9.17557,97,133,83,229.2
1214,9.18322,91,133,78,229.2
1215,9.19077,86,133,79,229.2
1216,9.19841,138,134,80,229.2
1217,9.20613,205,134,79,229.2
1218,9.21376,205,134,76,229.2
1219,9.22108,192,134,76,229.4
1220,9.22824,209,134,80,229.4
1221,9.2353,221,134,82,229.4
1222,9.24229,190,134,85,229.6
1223,9.2495,130,134,86,229.6
1224,9.25679,111,133,87,229.6
1225,9.26421,107,133,87,229.6
1226,9.27161,108,133,87,229.6
1227,9.27897,124,132,86,229.8
1228,9.28618,173,132,85,229.8
1229,9.2932,243,132,83,229.6
1230,9.29999,232,132,81,229.6
1231,9.30673,0,132,87,229.6
1232,9.31357,0,132,93,229.6
1233,9.32048,0,132,89,229.6
1234,9.32734,0,132,92,229.6
1235,9.3342,0,132,92,229.6
1236,9.34124,0,131,77,229.4
1237,9.34826,221,132,75,229.4
1238,9.35525,274,132,74,229.4
1239,9.36218,293,133,76,229.4
1240,9.36922,286,133,78,229.4
1241,9.37651,218,134,80,229.6
1242,9.38395,168,134,80,229.6
1243,9.39157,154,134,83,229.6
1244,9.39925,196,134,85,229.6
1245,9.40711,146,134,84,229.6
1246,9.41504,127,134,85,229.6
1247,9.42307,180,134,90,229.6
1248,9.43122,216,134,92,229.6
1249,9.43961,203,135,91,229.6
1250,9.44812,198,135,92,229.8
1251,9.45669,168,135,92,229.8
1252,9.46526,207,135,91,229.8
1253,9.47366,112,135,87,229.8
1254,9.48181,152,135,89,229.8
1255,9.4899,188,135,83,229.8
1256,9.49786,168,135,80,229.8
1257,9.50561,164,135,79,229.8
1258,9.51328,258,135,80,230
1259,9.521,222,135,86,230
1260,9.52904,222,134,86,230
1261,9.53715,192,134,87,230
1262,9.54542,155,134,88,230.2
1263,9.55374,111,134,86,230.2
1264,9.56205,106,133,89,230.2
1265,9.57033,104,133,89,230.2
1266,9.5786,50,133,89,230.2
1267,9.5862,63,133,84,230.2
1268,9.59376,66,133,81,230.2
1269,9.60136,141,133,83,230.2
1270,9.60907,171,133,83,230
1271,9.61693,118,133,80,230
1272,9.62486,99,133,81,229.8
1273,9.63276,101,132,80,229.8
1274,9.64065,113,132,80,229.8
1275,9.64855,129,131,80,229.8
1276,9.65646,137,130,81,229.8
1277,9.66438,141,129,81,229.8
1278,9.67234,141,129,81,230
1279,9.68026,141,127,78,230
1280,9.68813,119,127,79,230
1281,9.69592,111,126,81,229.8
1282,9.70369,142,126,80,229.8
1283,9.71144,160,126,79,229.8
1284,9.71921,146,125,78,229.6
1285,9.72697,177,125,80,229.8
1286,9.73478,206,124,80,229.8
1287,9.74267,189,124,80,229.8
1288,9.7506,104,124,79,230
1289,9.75844,139,123,74,230.2
1290,9.7662,194,123,83,230.2
1291,9.77382,222,123,82,230.2
1292,9.78131,237,124,84,230.2
1293,9.78868,173,124,85,230.4
1294,9.79597,186,124,85,230.4
1295,9.8031,177,124,84,230.4
1296,9.81013,223,124,85,230.4
1297,9.81714,206,125,83,230.4
1298,9.82407,211,125,82,230.4
1299,9.83101,216,125,82,230.2
1300,9.83791,205,125,81,230.2
1301,9.84476,198,125,81,230.2
1302,9.85158,217,125,81,230.2
1303,9.8584,217,125,81,230
1304,9.86522,216,125,81,230.2
1305,9.87201,188,126,80,230.2
1306,9.87879,226,126,81,230.2
1307,9.8855,212,126,80,230.2
1308,9.89221,223,126,80,230.2
1309,9.89893,215,126,80,230.2
1310,9.90567,222,126,81,230.2
1311,9.91246,223,126,81,230
1312,9.91937,228,126,83,230
1313,9.92635,184,127,83,230
1314,9.9334,207,127,84,230
1315,9.94047,238,127,86,230
1316,9.94763,198,128,85,230.2
1317,9.95487,204,128,87,230.2
1318,9.96222,225,128,88,230
1319,9.96938,173,128,82,230
1320,9.97639,173,128,83,230
1321,9.98343,231,129,80,230
1322,9.99071,231,129,79,230
1323,9.99807,154,129,80,230
1324,10.0055,167,129,88,230.2
1325,10.0129,177,129,88,230.2
1326,10.0204,177,129,89,230.2
1327,10.0279,106,129,87,230.2
1328,10.0353,208,130,85,230.2
1329,10.0429,180,130,82,230
1330,10.0505,177,130,82,230.2
1331,10.0581,187,130,83,230.2
1332,10.0659,170,132,83,230.2
1333,10.0737,153,132,83,230.2
1334,10.0814,167,133,83,230.2
1335,10.0893,173,134,84,230.2
1336,10.0971,175,135,85,230.2
1337,10.1049,204,135,84,230.2
1338,10.1127,171,136,84,230.2
1339,10.1206,177,136,85,230.2
1340,10.1286,173,137,86,230
1341,10.1365,196,137,86,230.2
1342,10.1445,181,137,86,230
1343,10.1525,163,137,86,230
1344,10.1605,129,137,84,230
1345,10.1683,197,137,84,229.8
1346,10.176,227,137,83,229.8
1347,10.1836,252,137,82,229.8
1348,10.1912,228,137,80,229.8
1349,10.1987,244,137,80,229.8
1350,10.2062,277,137,80,229.8
1351,10.2136,289,137,80,230
1352,10.2211,293,138,80,230.2
1353,10.2285,247,138,79,230.2
1354,10.2359,247,138,80,230.2
1355,10.2433,261,138,79,230.2
1356,10.2506,255,138,79,230.2
1357,10.2579,258,139,79,230.2
1358,10.2652,245,139,78,230
1359,10.2724,182,139,80,230
1360,10.2796,232,139,85,230
1361,10.2868,203,139,86,230
1362,10.2939,171,139,86,230
1363,10.3012,209,139,87,230
1364,10.3084,204,139,87,230
1365,10.3158,191,139,88,230.2
1366,10.3233,158,140,88,230.2
1367,10.3308,164,140,89,230.2
1368,10.3383,169,140,91,230.2
1369,10.3458,154,140,89,230
1370,10.3532,201,140,88,230
1371,10.3607,197,141,83,230
1372,10.3682,213,141,83,230
1373,10.3758,205,141,82,230
1374,10.3836,201,141,84,230
1375,10.3914,197,141,84,230
1376,10.3992,152,142,83,230.2
1377,10.407,155,142,83,230.2
1378,10.4148,131,142,82,230.2
1379,10.4225,178,142,84,230.2
1380,10.4303,210,142,85,230.2
1381,10.438,198,142,84,230.2
1382,10.4458,158,141,83,230
1383,10.4535,197,141,84,230
1384,10.4613,207,141,84,230
1385,10.4691,199,141,83,230
1386,10.4768,201,141,83,230
1387,10.4845,214,141,83,230
1388,10.4922,233,141,83,230
1389,10.4999,233,140,83,230
1390,10.5076,225,140,82,230
1391,10.5152,223,140,82,230
1392,10.5228,226,140,82,230
1393,10.5304,227,140,82,230
1394,10.538,226,140,80,230
1395,10.5455,226,140,80,230
1396,10.5529,218,140,80,230
1397,10.5603,231,140,80,230
1398,10.5678,272,140,81,230
1399,10.5752,282,141,81,230
1400,10.5827,272,141,80,229.8
1401,10.5902,221,141,79,230
1402,10.5976,202,141,81,229.8
1403,10.6049,195,141,82,229.8
1404,10.6121,206,141,85,229.8
1405,10.6193,180,141,84,229.8
1406,10.6263,169,141,83,230
1407,10.6331,208,141,82,230
1408,10.6399,223,141,81,230
1409,10.6466,217,142,80,230
1410,10.6534,233,142,80,230
1411,10.6596,153,143,70,230
1412,10.6657,153,142,72,230
1413,10.6717,261,142,87,230
1414,10.6776,158,142,88,230.2
1415,10.6835,263,142,85,230.2
1416,10.6894,265,142,86,230.2
1417,10.6955,236,142,86,230.2
1418,10.7016,248,142,86,230.2
1419,10.7077,235,141,86,230
1420,10.7138,227,141,86,230
1421,10.7199,225,141,86,230
1422,10.726,254,141,87,230
1423,10.7322,239,141,88,230
1424,10.7383,230,142,89,230
1425,10.7446,230,142,89,230
1426,10.7508,213,142,89,229.8
1427,10.7571,153,142,90,229.8
1428,10.763,223,142,84,229.8
1429,10.769,232,143,86,229.8
1430,10.7751,243,143,83,229.8
1431,10.7814,222,143,83,229.8
1432,10.7877,207,143,83,229.8
1433,10.794,210,143,84,229.8
1434,10.8004,204,144,84,229.8
1435,10.8067,198,144,84,229.8
1436,10.813,209,144,84,229.8
1437,10.8192,208,145,83,229.8
1438,10.8255,216,145,83,229.8
1439,10.8317,242,145,83,229.8
1440,10.8378,265,145,83,229.8
1441,10.8441,265,145,84,229.8
1442,10.8504,253,145,84,230
1443,10.8567,243,145,84,230
1444,10.863,234,145,84,230
1445,10.8694,243,145,85,230
1446,10.8757,243,145,85,230.2
1447,10.882,232,145,84,230.2
1448,10.8884,224,146,84,230.2
1449,10.8946,231,146,84,230.2
1450,10.901,244,146,85,230.2
1451,10.9073,244,146,85,230.2
1452,10.9137,251,146,86,230.2
1453,10.9201,224,147,86,230
1454,10.9266,224,147,85,230
1455,10.933,179,147,84,229.8
1456,10.9394,203,147,86,229.8
1457,10.9458,237,147,87,229.8
1458,10.9523,216,146,86,229.8
1459,10.9587,222,146,87,229.8
1460,10.9652,211,146,87,229.8
1461,10.9717,209,145,87,229.8
1462,10.9782,177,146,85,229.6
1463,10.9847,177,146,86,229.6
1464,10.9912,182,145,87,229.6
1465,10.9976,185,146,87,229.6
1466,11.0041,179,146,88,229.8
1467,11.0106,129,146,87,230
1468,11.0171,109,146,86,230
1469,11.0236,129,146,85,230
1470,11.03,129,146,87,230
1471,11.0364,201,146,86,229.8
1472,11.0427,211,146,86,229.8
1473,11.0491,184,146,84,229.8
1474,11.0555,135,146,82,229.8
1475,11.0617,132,145,82,229.6
1476,11.0678,183,145,85,229.6
1477,11.0741,219,145,83,229.6
1478,11.0803,208,145,83,229.6
1479,11.0866,197,145,84,229.6
1480,11.0929,160,145,83,229.6
1481,11.0991,193,144,83,229.6
1482,11.1054,163,144,83,229.6
1483,11.1117,161,145,82,229.6
1484,11.1178,170,145,83,229.6
1485,11.124,187,145,82,229.6
1486,11.1302,212,146,81,229.8
1487,11.1363,160,147,81,229.8
1488,11.1424,195,147,82,229.8
1489,11.1486,214,147,83,229.8
1490,11.1547,199,147,83,229.8
1491,11.1609,187,147,83,229.8
1492,11.1671,171,147,83,229.8
1493,11.1734,120,146,82,229.8
1494,11.1794,151,145,82,229.8
1495,11.1854,172,145,81,229.8
1496,11.1915,195,145,81,229.8
1497,11.1975,238,144,83,230
1498,11.2037,232,143,83,230
1499,11.21,234,143,84,230
1500,11.2163,215,142,84,230
1501,11.2227,215,141,84,229.8
1502,11.229,197,140,85,229.8
1503,11.2354,184,140,84,229.6
1504,11.2418,176,139,84,229.6
1505,11.2481,117,139,83,229.6
1506,11.2544,159,139,85,229.6
1507,11.2607,175,138,84,229.6
1508,11.2669,185,138,84,229.6
1509,11.2731,189,138,84,229.6
1510,11.2794,199,137,84,229.6
1511,11.2858,210,137,85,229.6
1512,11.2922,213,137,86,229.4
1513,11.2986,223,136,86,229.4
1514,11.3051,194,136,85,229.4
1515,11.3116,194,136,83,229.4
1516,11.3179,159,136,85,229.6
1517,11.3242,195,136,85,229.6
1518,11.3305,248,136,86,229.6
1519,11.3368,243,136,85,229.6
1520,11.3431,225,136,84,229.6
1521,11.3495,196,135,83,229.8
1522,11.3558,197,135,84,229.8
1523,11.362,185,135,83,229.8
1524,11.3682,196,135,83,229.8
1525,11.3743,192,135,82,230
1526,11.3805,216,136,83,230
1527,11.3867,220,136,84,229.8
1528,11.393,208,136,84,229.8
1529,11.3994,185,136,85,229.8
1530,11.4058,171,135,85,229.8
1531,11.4122,154,136,85,229.6
1532,11.4187,165,135,86,229.6
1533,11.4251,156,136,87,229.6
1534,11.4316,180,135,88,229.6
1535,11.4381,171,135,83,229.6
1536,11.4445,171,135,84,229.6
1537,11.4508,226,135,85,229.6
1538,11.4572,220,135,79,229.6
1539,11.4636,245,135,80,229.6
1540,11.4701,244,135,81,229.6
1541,11.4765,260,135,81,229.6
1542,11.483,257,135,81,229.8
1543,11.4895,202,135,80,229.8
1544,11.496,224,135,80,229.8
1545,11.5024,224,135,82,229.8
1546,11.5089,239,135,82,229.8
1547,11.5154,243,135,83,229.8
1548,11.5221,239,135,83,229.8
1549,11.5288,222,136,84,229.8
1550,11.5355,215,136,84,229.8
1551,11.5422,209,136,84,229.8
1552,11.5489,191,136,83,229.8
1553,11.5556,178,136,83,229.8
1554,11.5623,212,137,84,229.8
1555,11.569,222,137,83,229.8
1556,11.5757,223,137,83,229.6
1557,11.5823,217,137,83,229.6
1558,11.589,224,137,83,229.6
1559,11.5957,239,138,83,229.6
1560,11.6023,244,138,83,229.6
1561,11.6089,240,138,82,229.6
1562,11.6155,248,138,83,229.6
1563,11.6221,249,139,82,229.6
1564,11.6287,238,139,82,229.6
1565,11.6353,204,139,80,229.6
1566,11.6417,212,139,80,229.6
1567,11.6482,243,138,82,229.6
1568,11.6546,249,138,81,229.6
1569,11.6611,238,138,81,229.6
1570,11.6676,239,138,81,229.6
1571,11.6741,236,139,82,229.8
1572,11.6806,231,139,82,229.8
1573,11.6872,233,139,83,229.6
1574,11.6939,200,139,83,229.6
1575,11.7006,151,139,82,229.6
1576,11.7072,108,139,83,229.6
1577,11.7138,150,139,85,229.6
1578,11.7204,184,140,85,229.6
1579,11.727,183,140,82,229.6
1580,11.7336,200,141,83,229.8
1581,11.7402,199,141,82,230
1582,11.7468,193,142,82,230
1583,11.7535,207,142,82,230
1584,11.76,221,143,81,230
1585,11.7665,227,143,81,230
1586,11.7729,237,143,80,230
1587,11.7793,231,143,79,230
1588,11.7857,228,143,79,230
1589,11.792,231,143,80,230
1590,11.7984,238,143,78,230
1591,11.8048,193,143,77,230
1592,11.8111,261,143,81,230
1593,11.8174,195,143,78,229.8
1594,11.8236,181,142,76,229.8
1595,11.8298,209,142,79,229.8
1596,11.836,213,142,78,229.8
1597,11.8421,174,142,76,229.8
1598,11.8482,211,141,75,229.8
1599,11.8542,211,141,80,229.8
1600,11.8602,208,141,80,229.8
1601,11.8661,214,141,80,229.8
1602,11.8721,225,141,80,229.8
1603,11.8781,216,141,81,229.8
1604,11.8842,221,141,81,229.8
1605,11.8903,206,141,81,229.8
1606,11.8965,201,141,81,229.8
1607,11.9025,187,141,80,229.8
1608,11.9086,185,141,80,229.8
1609,11.9146,188,140,80,229.8
1610,11.9206,192,140,80,229.8
1611,11.9266,188,140,81,229.8
1612,11.9327,180,140,80,229.8
1613,11.9388,184,140,82,229.6
1614,11.9449,184,140,82,229.6
1615,11.9511,184,139,82,229.8
1616,11.9573,159,139,82,229.8
1617,11.9635,133,139,83,229.8
1618,11.9697,157,138,82,229.8
1619,11.9758,163,138,82,230
1620,11.982,154,138,78,230
1621,11.9882,151,138,79,230
1622,11.9945,135,138,79,230
1623,12.0008,138,138,79,230.2
1624,12.0073,160,138,82,230
1625,12.0138,216,136,85,229.8
1626,12.0205,242,136,87,229.8
1627,12.0274,241,135,87,229.6
1628,12.0345,216,135,89,229.6
1629,12.0417,152,135,90,229.6
1630,12.0486,218,134,87,229.6
1631,12.0556,253,134,85,229.8
1632,12.0626,264,134,84,229.8
1633,12.0698,220,134,83,230
1634,12.077,190,134,84,230
1635,12.0842,183,134,84,230
1636,12.0914,176,134,83,230
1637,12.0986,171,134,85,230
1638,12.1059,171,134,85,229.8
1639,12.1133,141,135,85,229.8
1640,12.1206,118,135,86,229.8
1641,12.128,122,135,86,229.8
1642,12.1355,122,135,88,229.8
1643,12.1425,83,134,78,229.8
1644,12.1495,51,134,80,229.8
1645,12.1563,62,134,82,230
1646,12.1632,101,134,83,230
1647,12.1704,116,135,67,230
1648,12.1777,144,135,67,230
1649,12.1851,132,134,68,229.8
1650,12.1926,165,134,68,229.8
1651,12.2002,169,133,71,229.8
1652,12.2081,160,133,72,229.8
1653,12.216,87,131,72,230
1654,12.2237,15,130,66,230
1655,12.231,15,129,64,230
1656,12.2379,84,128,58,230
1657,12.2447,84,128,65,230
1658,12.2521,112,128,68,230
1659,12.2595,112,127,68,230
1660,12.267,58,126,67,230
1661,12.2746,64,125,66,229.8
1662,12.2821,59,125,68,229.8
1663,12.2896,66,124,68,229.8
1664,12.297,68,123,68,229.8
1665,12.3045,88,122,69,229.8
1666,12.312,83,121,70,229.8
1667,12.3195,97,120,69,229.8
1668,12.327,99,119,67,229.8
1669,12.3344,77,119,66,229.8
1670,12.3418,82,117,66,229.8
1671,12.3491,110,116,67,229.8
1672,12.3564,110,115,67,229.8
1673,12.3638,117,114,67,229.8
1674,12.3711,114,112,68,229.8
1675,12.3787,115,112,69,229.8
1676,12.3863,113,111,70,229.8
1677,12.3939,125,111,71,229.8
1678,12.4016,91,111,67,229.8
1679,12.4092,94,111,70,229.8
1680,12.4168,82,112,69,229.8
1681,12.4244,94,112,70,229.8
1682,12.432,94,113,68,229.8
1683,12.4396,77,113,67,229.8
1684,12.4471,84,113,68,229.8
1685,12.4545,99,114,68,229.8
1686,12.462,100,115,69,229.8
1687,12.4695,97,115,69,229.8
1688,12.4771,93,116,67,229.8
1689,12.4846,93,116,67,229.8
1690,12.4921,135,117,69,229.8
1691,12.4996,104,117,71,229.8
1692,12.5072,104,117,72,229.8
1693,12.5148,0,116,71,229.8
1694,12.5217,0,114,61,229.8
1695,12.5281,0,114,61,229.8
1696,12.5344,0,113,61,229.8
1697,12.5406,0,111,61,229.8
1698,12.5469,0,109,0,229.8
1699,12.5531,0,108,0,229.8
1700,12.5593,0,107,0,229.8
1701,12.5654,0,106,0,230
1702,12.5716,43,105,59,230
1703,12.578,53,104,59,230
1704,12.5843,53,103,59,230.2
1705,12.5905,67,102,59,230.2
1706,12.5968,104,102,59,230.2
1707,12.6031,76,101,64,230.2
1708,12.6094,116,101,67,230.2
1709,12.6157,121,101,69,230.2
1710,12.622,101,99,68,230
1711,12.6284,78,99,69,230.2
1712,12.6342,0,98,61,230
1713,12.6398,0,98,61,230
1714,12.645,0,98,42,230.2
1715,12.6499,0,98,42,230
1716,12.6547,0,96,29,230
1717,12.6597,103,95,60,230
1718,12.665,142,95,62,229.8
1719,12.6706,132,96,67,229.8
1720,12.6763,129,97,69,229.8
1721,12.6821,125,97,70,229.8
1722,12.6881,105,99,72,229.8
1723,12.6942,103,99,74,229.8
1724,12.7005,80,98,75,229.8
1725,12.7068,96,96,75,229.8
1726,12.7132,104,96,75,229.8
1727,12.7195,139,94,73,229.8
1728,12.7257,161,95,72,229.8
1729,12.7316,196,96,71,229.8
1730,12.7376,177,98,71,229.8
1731,12.7431,197,99,65,229.8
1732,12.7487,209,100,71,229.8
1733,12.7541,212,102,72,229.8
1734,12.7597,203,103,75,230
1735,12.7654,144,104,77,230
1736,12.7713,100,104,77,230
1737,12.7775,102,105,83,230
1738,12.7839,114,105,82,230
1739,12.7903,76,105,80,230
1740,12.7967,162,106,82,230
1741,12.8032,162,107,78,230
1742,12.8097,194,107,75,230
1743,12.8161,212,107,74,230
1744,12.8224,333,108,74,230
1745,12.8287,351,109,74,230
1746,12.8351,351,109,76,230
1747,12.8418,279,111,84,230
1748,12.8486,90,112,84,230
1749,12.8557,73,114,83,229.8
1750,12.8628,81,115,86,230
1751,12.8698,91,117,85,230
1752,12.8768,123,118,84,230
1753,12.8835,184,120,81,230
1754,12.8902,184,121,80,230
1755,12.8967,127,122,75,230
1756,12.9032,78,122,74,230
1757,12.9095,105,122,72,230
1758,12.9156,119,121,73,230
1759,12.9214,130,121,68,230
1760,12.927,135,121,65,230
1761,12.9324,155,121,64,230
1762,12.9377,173,121,62,230
1763,12.9428,187,121,60,230
1764,12.9478,225,121,60,230
1765,12.9529,229,122,61,230
1766,12.9579,235,122,61,230
1767,12.963,235,123,61,230
1768,12.9682,244,123,62,230
1769,12.9734,226,124,62,230
1770,12.9787,228,125,63,230
1771,12.984,228,125,64,229.8
1772,12.9894,231,126,65,229.8
1773,12.9948,241,127,65,229.8
1774,13.0003,242,127,66,229.8
1775,13.0059,234,128,67,229.8
1776,13.0116,222,130,67,229.8
1777,13.0171,183,130,65,229.6
1778,13.0226,195,131,66,229.6
1779,13.0281,195,132,66,229.6
1780,13.0337,190,133,66,229.8
1781,13.0393,190,133,66,229.8
1782,13.0449,199,134,66,229.8
1783,13.0504,199,135,65,230
1784,13.056,217,136,66,230
1785,13.0614,225,137,65,230
1786,13.0669,208,138,64,230
1787,13.0722,262,138,64,230
1788,13.0776,273,138,65,230
1789,13.083,260,139,65,230
1790,13.0885,255,139,65,230
1791,13.094,254,140,65,230
1792,13.0995,256,140,66,230
1793,13.105,231,140,65,230
1794,13.1105,227,140,65,230
1795,13.116,220,140,65,230
1796,13.1215,234,141,66,230
1797,13.1271,202,141,68,230
1798,13.1328,101,141,67,230
1799,13.1385,49,141,66,230
1800,13.1442,10,140,63,230
1801,13.1498,10,140,58,230
1802,13.1549,61,140,61,230
1803,13.1602,69,140,62,230
1804,13.1657,69,140,66,229.8
1805,13.1713,74,141,67,229.8
1806,13.177,77,141,70,229.8
1807,13.1829,78,141,72,229.8
1808,13.1889,61,141,74,229.8
1809,13.1951,70,141,75,229.8
1810,13.2014,92,141,75,229.8
1811,13.2076,124,140,72,229.8
1812,13.2136,157,140,71,229.8
1813,13.2195,182,140,70,229.8
1814,13.2253,188,140,69,229.8
1815,13.2312,192,139,72,229.8
1816,13.2371,122,139,71,229.6
1817,13.2433,57,138,73,229.8
1818,13.2495,57,137,73,229.8
1819,13.2559,69,136,77,229.8
1820,13.2623,77,136,76,229.8
1821,13.2686,133,136,72,229.8
1822,13.2747,202,136,71,229.8
1823,13.2808,247,136,72,229.8
1824,13.2868,213,135,72,229.8
1825,13.2928,194,135,72,229.8
1826,13.299,158,134,75,229.8
1827,13.3053,89,133,73,229.8
1828,13.3116,69,132,73,229.8
1829,13.318,81,132,77,229.8
1830,13.3243,82,132,77,229.8
1831,13.3308,76,131,76,229.8
1832,13.3372,78,131,77,229.8
1833,13.3438,69,130,79,229.8
1834,13.3503,72,128,79,229.8
1835,13.3569,69,127,78,229.8
1836,13.3636,84,126,82,229.8
1837,13.3704,75,126,81,229.8
1838,13.3772,68,125,81,229.8
1839,13.3841,73,125,83,229.8
1840,13.3911,81,123,83,229.8
1841,13.3978,75,123,79,229.8
1842,13.4043,114,122,81,229.8
1843,13.411,120,122,76,229.8
1844,13.4177,101,122,76,229.8
1845,13.4246,180,122,77,229.8
1846,13.4317,192,122,78,229.8
1847,13.439,185,122,78,229.8
1848,13.4463,210,121,77,229.6
1849,13.4534,188,120,73,229.6
1850,13.4603,236,119,76,229.4
1851,13.467,212,119,81,229.4
1852,13.4738,205,118,86,229.6
1853,13.4807,147,119,87,229.6
1854,13.4874,104,119,84,229.6
1855,13.4942,90,119,85,229.8
1856,13.5011,74,119,82,229.8
1857,13.5079,63,119,83,230
1858,13.5149,68,119,83,230
1859,13.5216,58,119,76,230
1860,13.528,49,118,77,229.8
1861,13.5344,60,118,77,229.8
1862,13.5409,74,117,71,229.8
1863,13.5474,81,116,70,229.6
1864,13.5539,106,116,70,229.6
1865,13.5605,124,116,75,229.6
1866,13.5673,124,116,74,229.6
1867,13.5741,112,116,74,229.6
1868,13.5811,126,116,77,229.6
1869,13.5882,95,117,76,229.8
1870,13.5954,169,116,78,229.8
1871,13.6027,178,116,85,229.8
1872,13.6103,178,116,83,230
1873,13.6181,171,115,85,230
1874,13.6261,235,115,83,230
1875,13.6337,266,115,81,229.8
1876,13.6412,266,115,81,229.8
1877,13.6487,236,115,83,229.8
1878,13.6562,210,116,84,229.8
1879,13.664,159,116,85,229.8
1880,13.6719,120,116,82,229.8
1881,13.6796,85,116,81,229.8
1882,13.6873,85,116,79,229.8
1883,13.6951,87,116,79,229.8
1884,13.7028,64,116,78,229.8
1885,13.7107,72,116,78,230
1886,13.7186,69,115,80,230
1887,13.7265,69,115,81,230
1888,13.7344,71,115,80,230.2
1889,13.7422,101,115,82,230.2
1890,13.75,72,115,81,230.2
1891,13.7576,62,115,73,230.2
1892,13.7651,62,115,73,230.2
1893,13.7726,141,115,75,230
1894,13.7802,203,115,75,229.8
1895,13.7875,244,115,74,229.6
1896,13.7948,274,115,76,229.6
1897,13.8021,250,115,78,229.6
1898,13.8096,178,115,78,229.6
1899,13.8175,103,115,80,229.6
1900,13.8253,138,115,79,229.6
1901,13.8332,286,116,78,229.6
1902,13.841,280,117,80,229.6
1903,13.8485,285,117,76,229.6
1904,13.8559,255,118,78,229.6
1905,13.8634,186,118,79,229.6
1906,13.8711,112,118,77,229.6
1907,13.8789,275,118,77,229.6
1908,13.8867,292,118,79,229.6
1909,13.8945,283,119,78,229.6
1910,13.902,251,120,74,229.6
1911,13.9092,219,120,72,229.6
1912,13.9162,167,121,71,229.8
1913,13.9232,115,122,70,229.8
1914,13.9302,108,122,72,229.8
1915,13.9372,69,122,71,229.8
1916,13.9442,64,122,72,229.8
1917,13.9514,58,122,72,229.8
1918,13.9585,76,122,72,229.8
1919,13.9657,57,122,75,229.8
1920,13.9729,57,122,74,229.8
1921,13.98,56,122,74,229.8
1922,13.9867,0,122,64,229.8
1923,13.9929,0,122,64,230
1924,13.999,0,122,20,229.8
1925,14.005,0,121,20,229.8
1926,14.011,0,121,20,229.8
1927,14.0171,0,121,0,229.8
1928,14.0231,0,120,0,229.8
1929,14.029,0,120,0,229.8
1930,14.0348,0,119,60,229.8
1931,14.0408,155,119,63,229.6
1932,14.0469,197,119,63,229.6
1933,14.0527,197,119,67,229.6
1934,14.0584,181,119,67,229.6
1935,14.064,203,118,70,229.6
1936,14.0695,224,118,75,229.6
1937,14.0752,176,117,76,229.6
1938,14.0811,176,117,77,229.8
1939,14.0871,129,116,78,229.6
1940,14.0931,91,116,78,229.6
1941,14.0992,105,116,80,229.6
1942,14.1053,102,116,80,229.6
1943,14.1113,89,116,78,229.6
1944,14.1172,99,116,80,229.6
1945,14.1232,94,116,74,229.8
1946,14.1294,77,115,76,229.8
1947,14.1357,74,114,79,229.8
1948,14.1422,70,114,79,229.8
1949,14.1487,104,113,78,230
1950,14.1551,155,113,76,230
1951,14.1613,195,112,75,229.8
1952,14.1675,204,112,79,229.8
1953,14.1739,129,112,84,229.8
1954,14.1803,109,111,85,229.8
1955,14.1868,24,111,82,229.8
1956,14.1929,54,111,150,229.8
1957,14.1991,116,110,151,229.8
1958,14.2051,148,110,146,229.8
1959,14.2108,80,109,134,229.8
1960,14.2163,164,109,133,229.8
1961,14.2217,162,108,67,229.8
1962,14.2272,125,108,68,230
1963,14.233,125,107,71,230
1964,14.2392,100,107,75,230
1965,14.2455,119,107,76,230
1966,14.2518,130,108,74,230
1967,14.258,185,108,71,230
1968,14.2638,185,108,79,230
1969,14.2695,220,108,80,230
1970,14.275,214,108,77,230
1971,14.2805,227,108,77,230
1972,14.2859,205,109,79,230
1973,14.2915,125,109,82,229.8
1974,14.2971,99,110,76,229.8
1975,14.3025,87,110,77,229.8
1976,14.308,97,111,78,229.8
1977,14.3135,97,111,78,229.8
1978,14.3192,66,112,72,229.8
1979,14.325,88,112,76,229.8
1980,14.3308,98,112,78,229.8
1981,14.3368,88,112,78,229.8
1982,14.3429,88,113,80,229.8
1983,14.3489,81,113,77,229.8
1984,14.3549,121,113,78,229.8
1985,14.361,109,113,75,229.8
1986,14.3672,117,113,73,230
1987,14.3735,67,112,75,230
1988,14.3799,72,112,76,230
1989,14.3862,90,112,76,230
1990,14.3925,127,112,76,230
1991,14.3989,152,112,78,230
1992,14.4054,147,112,78,230
1993,14.4119,98,112,77,230
1994,14.4185,70,112,77,230
1995,14.4252,76,112,79,230
1996,14.4319,84,112,81,229.8
1997,14.4386,89,112,80,229.8
1998,14.4453,92,112,81,229.8
1999,14.452,112,112,80,229.8
2000,14.4586,156,112,79,229.8
2001,14.4652,185,112,78,230
2002,14.4717,219,111,78,230
2003,14.4783,194,111,77,230
2004,14.4847,194,111,77,230
2005,14.4912,168,111,79,230
2006,14.4975,189,112,82,230
2007,14.5038,195,112,82,230
2008,14.5101,157,113,84,230
2009,14.5165,157,113,83,230
2010,14.5229,66,114,80,230
2011,14.5288,21,113,72,230
2012,14.5345,0,113,69,230
2013,14.5397,0,113,67,230
2014,14.5449,0,113,67,230
2015,14.5501,0,113,67,230
2016,14.5553,0,113,67,230
2017,14.5605,0,113,0,230
2018,14.5657,0,113,0,230
2019,14.571,0,114,0,230
2020,14.5761,0,114,0,230
2021,14.5812,0,115,0,230
2022,14.5867,178,116,73,230
2023,14.5922,176,116,74,230
2024,14.5981,164,115,73,230
2025,14.6041,153,114,71,230
2026,14.6101,163,114,72,230
2027,14.6161,164,113,72,230.2
2028,14.6221,163,111,72,230.2
2029,14.6282,174,111,71,230.2
2030,14.6342,208,109,72,230.2
2031,14.6402,208,109,72,230.2
2032,14.6463,203,108,72,230.2
2033,14.6523,190,108,72,230.2
2034,14.6584,187,108,73,230
2035,14.6646,161,108,74,230
2036,14.6708,106,108,74,230
2037,14.677,93,109,72,230
2038,14.6831,70,109,72,230
2039,14.6888,23,109,65,230
2040,14.6943,0,109,64,230.2
2041,14.6996,0,109,63,230.2
2042,14.7049,0,109,63,230.2
2043,14.7101,0,109,63,230.2
2044,14.7153,119,109,63,230.2
2045,14.7208,111,110,67,230.2
2046,14.7265,110,110,68,230.2
2047,14.7324,113,111,70,230.2
2048,14.7383,110,111,70,230.2
2049,14.7443,107,112,71,230
2050,14.7503,98,113,71,230.2
2051,14.7564,103,113,71,230.2
2052,14.7624,101,113,72,230
2053,14.7685,99,114,71,230
2054,14.7745,96,113,71,230
2055,14.7805,89,112,71,230
2056,14.7865,84,111,71,230
2057,14.7925,99,111,71,230
2058,14.7984,111,111,73,230
2059,14.8044,126,111,73,230
2060,14.8105,131,111,72,230
2061,14.8166,108,111,73,230
2062,14.8228,106,111,73,230
2063,14.829,160,112,77,230
2064,14.8353,182,113,77,230
2065,14.8418,148,113,76,230
2066,14.8484,155,114,80,230
2067,14.855,140,114,79,230
2068,14.8616,134,114,79,230
2069,14.8683,85,114,77,230
2070,14.8749,119,113,79,230
2071,14.8815,119,113,81,230
2072,14.8881,156,112,80,230.2
2073,14.8948,118,112,78,230.2
2074,14.9015,107,111,78,230.2
2075,14.9082,123,111,79,230.2
2076,14.9149,120,111,79,230.2
2077,14.9216,130,111,80,230.2
2078,14.9283,108,111,79,230.2
2079,14.935,118,110,80,230.4
2080,14.9417,128,110,80,230.4
2081,14.9484,135,110,80,230.4
2082,14.9551,131,110,80,230.2
2083,14.9619,134,110,80,230.2
2084,14.9687,134,109,81,230.2
2085,14.9755,113,110,81,230
2086,14.9823,113,110,81,230
2087,14.989,128,110,80,230
2088,14.9958,138,110,82,230
2089,15.0026,140,111,82,230.2
2090,15.0094,147,111,82,230.2
2091,15.0163,141,111,82,230.2
2092,15.0232,133,111,82,230
2093,15.0301,144,111,82,230
2094,15.037,140,111,82,230
2095,15.0439,147,112,83,230
2096,15.0509,144,112,83,229.8
2097,15.0579,153,112,84,230
2098,15.0648,182,112,79,230
2099,15.0714,141,113,81,229.8
2100,15.0781,204,113,78,229.8
2101,15.0849,210,113,75,230
2102,15.0919,193,113,77,230
2103,15.0991,178,114,77,230
2104,15.1063,173,115,79,230
2105,15.1137,171,115,80,230
2106,15.1211,164,115,80,230
2107,15.1286,157,116,80,230
2108,15.1361,153,116,81,230
2109,15.1436,144,116,81,230.2
2110,15.1511,136,117,81,230.2
2111,15.1586,134,117,80,230.2
2112,15.1661,139,118,80,230
2113,15.1735,113,118,76,230
2114,15.1808,79,118,77,230
2115,15.1879,82,118,77,230
2116,15.195,87,118,77,230
2117,15.2021,100,118,77,230
2118,15.2092,128,118,77,230.2
2119,15.2163,142,118,78,230.2
2120,15.2234,152,118,78,230.2
2121,15.2306,161,118,78,230.2
2122,15.2379,168,118,79,230.2
2123,15.2452,159,117,78,230.2
2124,15.2526,115,117,76,230.4
2125,15.2599,150,117,80,230.2
2126,15.2672,142,117,78,230.2
2127,15.2745,138,117,79,230.2
2128,15.2818,132,117,79,230
2129,15.2891,88,116,74,230
2130,15.2963,87,116,77,230
2131,15.3035,160,115,78,230
2132,15.3106,167,115,80,230
2133,15.3178,155,115,79,230
2134,15.3252,180,116,80,230
2135,15.3325,116,116,79,230.2
2136,15.3399,114,116,78,230.2
2137,15.3472,114,116,78,230.2
2138,15.3546,111,116,78,230.2
2139,15.3618,101,116,77,230.2
2140,15.369,106,116,77,230.2
2141,15.3762,107,117,77,230.2
2142,15.3833,116,117,77,230.2
2143,15.3904,122,117,77,230
2144,15.3975,122,117,77,230
2145,15.4047,117,117,76,230
2146,15.4118,120,118,77,230
2147,15.4189,113,118,76,230
2148,15.426,123,118,78,230
2149,15.4331,146,118,78,230.2
2150,15.4403,140,118,77,230.4
2151,15.4475,139,118,77,230.4
2152,15.4547,159,118,78,230.4
2153,15.4621,217,119,80,230.4
2154,15.4695,150,119,78,230.2
2155,15.477,160,119,81,230.2
2156,15.4845,155,120,81,230
2157,15.4921,155,120,81,230
2158,15.4997,139,120,81,230
2159,15.5074,141,120,82,230
2160,15.5151,148,119,84,230
2161,15.5229,155,119,84,230.2
2162,15.5306,149,119,84,230.2
2163,15.5384,181,118,83,230.2
2164,15.546,139,117,84,230.2
2165,15.5537,137,117,81,230.4
2166,15.5615,131,117,79,230.4
2167,15.5693,142,117,80,230.4
2168,15.5771,154,117,81,230.4
2169,15.585,147,117,81,230.4
2170,15.593,161,117,80,230.4
2171,15.6009,171,116,80,230.4
2172,15.6088,157,116,80,230.4
2173,15.6166,139,116,79,230.4
2174,15.6245,167,116,80,230.4
2175,15.6323,149,116,79,230.4
2176,15.64,125,116,78,230.4
2177,15.6477,157,115,79,230.4
2178,15.6554,160,115,79,230.2
2179,15.6631,188,116,79,230.4
2180,15.6708,141,117,77,230.4
2181,15.6785,158,117,79,230.2
2182,15.6861,158,118,79,230.2
2183,15.6936,170,118,77,230.2
2184,15.7012,158,118,77,230.4
2185,15.7087,152,118,76,230.4
2186,15.7161,195,118,81,230.4
2187,15.7235,179,118,81,230.4
2188,15.7309,176,118,78,230.4
2189,15.7382,178,118,78,230.4
2190,15.7454,178,118,76,230.4
2191,15.7525,131,118,74,230.4
2192,15.7594,150,117,83,230.4
2193,15.7663,165,117,84,230.4
2194,15.7733,182,117,83,230.4
2195,15.7803,161,117,83,230.4
2196,15.7873,123,117,82,230.4
2197,15.7942,90,117,81,230.4
2198,15.801,69,117,79,230.4
2199,15.8078,111,117,82,230.4
2200,15.8146,159,117,83,230.4
2201,15.8214,160,117,83,230.4
2202,15.8283,163,117,82,230.4
2203,15.8352,112,117,81,230.4
2204,15.8421,71,117,79,230.4
2205,15.8489,62,117,81,230.4
2206,15.8555,84,117,79,230.4
2207,15.862,158,117,80,230.4
2208,15.8685,184,118,79,230.4
2209,15.8751,208,119,78,230.4
2210,15.8816,189,119,78,230.4
2211,15.8882,185,120,78,230.4
2212,15.8947,190,120,77,230.4
2213,15.9011,194,121,76,230.4
2214,15.9076,187,121,75,230.4
2215,15.9139,193,122,75,230.6
2216,15.9202,223,122,75,230.6
2217,15.9265,228,123,74,230.6
2218,15.9327,186,123,73,230.6
2219,15.9388,210,123,79,230.6
2220,15.9448,218,123,79,230.6
2221,15.9508,223,123,79,230.6
2222,15.9569,232,124,79,230.4
2223,15.9629,228,124,79,230.4
2224,15.969,220,125,79,230.4
2225,15.975,205,125,80,230.4
2226,15.9812,183,126,80,230.4
2227,15.9874,172,127,81,230.4
2228,15.9936,134,127,81,230.4
2229,15.9999,122,127,81,230.4
2230,16.0061,89,127,79,230.4
2231,16.0122,88,128,79,230.4
2232,16.0183,89,128,80,230.4
2233,16.0244,109,129,80,230.4
2234,16.0304,125,129,81,230.4
2235,16.0364,86,130,79,230.4
2236,16.0424,65,130,74,230.6
2237,16.048,57,130,72,230.6
2238,16.0537,114,130,71,230.6
2239,16.0594,166,130,72,230.6
2240,16.0653,179,130,72,230.6
2241,16.0714,161,130,73,230.6
2242,16.0776,154,129,74,230.6
2243,16.0838,142,129,74,230.6
2244,16.0901,130,128,76,230.6
2245,16.0965,147,127,77,230.8
2246,16.1029,153,126,78,230.8
2247,16.1095,147,126,78,230.8
2248,16.1162,147,125,80,230.6
2249,16.123,123,124,81,230.6
2250,16.1298,102,123,82,230.4
2251,16.1367,63,123,83,230.4
2252,16.1435,53,122,80,230.4
2253,16.1503,82,122,79,230.4
2254,16.157,115,121,78,230.4
2255,16.1637,115,121,79,230.4
2256,16.1704,82,121,73,230.6
2257,16.1773,98,121,75,230.6
2258,16.1841,117,120,75,230.6
2259,16.1911,113,119,75,230.6
2260,16.198,129,117,75,230.6
2261,16.2048,107,117,69,230.6
2262,16.2112,0,117,68,230.6
2263,16.2175,0,116,68,230.6
2264,16.2236,0,116,68,230.6
2265,16.2295,0,115,68,230.6
2266,16.2353,0,115,0,230.6
2267,16.241,0,114,0,230.8
2268,16.2465,0,114,0,230.8
2269,16.2518,0,113,0,230.8
2270,16.257,0,112,0,230.8
2271,16.2621,0,112,0,230.8
2272,16.267,0,111,0,230.8
2273,16.2718,0,110,0,230.8
2274,16.2764,0,108,0,230.8
2275,16.2808,0,106,0,230.8
2276,16.285,0,105,0,230.8
2277,16.2889,0,103,0,230.8
2278,16.2929,0,102,46,230.8
2279,16.2974,205,103,52,230.8
2280,16.3021,271,104,55,231
2281,16.3078,287,105,59,231
2282,16.3136,278,105,60,230.8
2283,16.32,256,106,66,230.8
2284,16.3268,254,106,70,230.6
2285,16.3337,133,107,72,230.6
2286,16.3405,86,107,66,230.8
2287,16.3472,108,108,69,230.8
2288,16.3538,124,109,69,230.8
2289,16.3604,132,109,69,230.6
2290,16.3669,112,108,66,230.6
2291,16.3732,59,105,60,230.6
2292,16.3793,3,103,60,230.6
2293,16.385,33,101,58,230.6
2294,16.3906,94,101,58,230.6
2295,16.3964,100,101,61,230.8
2296,16.4022,110,100,62,230.8
2297,16.408,112,101,62,230.8
2298,16.4138,122,101,63,230.8
2299,16.4197,116,101,63,230.8
2300,16.4255,120,101,63,230.8
2301,16.4314,123,102,62,230.8
2302,16.4371,109,102,58,230.8
2303,16.4427,41,101,55,230.8
2304,16.448,127,101,60,230.8
2305,16.4534,139,102,61,230.8
2306,16.459,119,102,75,230.6
2307,16.4647,92,103,75,230.6
2308,16.4705,94,104,76,230.6
2309,16.4762,98,105,78,230.6
2310,16.482,88,106,76,230.6
2311,16.4878,74,107,76,230.6
2312,16.4935,67,107,76,230.6
2313,16.4992,84,107,77,230.6
2314,16.5049,97,106,77,230.8
2315,16.5106,106,106,77,230.8
2316,16.5164,98,106,79,231
2317,16.5222,114,107,80,231
2318,16.528,116,107,79,231
2319,16.5339,116,108,80,231
2320,16.5399,128,108,80,230.8
2321,16.5459,111,109,81,230.8
2322,16.5519,104,109,80,230.8
2323,16.558,117,109,80,230.8
2324,16.5641,131,109,81,230.8
2325,16.57,103,109,79,230.8
2326,16.576,160,108,81,230.8
2327,16.5821,141,108,77,230.8
2328,16.5882,113,109,77,230.8
2329,16.5944,88,109,76,230.8
2330,16.6005,82,110,75,230.8
2331,16.6067,109,110,75,230.8
2332,16.6128,117,110,78,230.8
2333,16.619,114,110,77,230.8
2334,16.6252,99,110,77,230.8
2335,16.6314,94,110,78,230.8
2336,16.6376,95,110,78,230.8
2337,16.6438,94,109,77,230.8
2338,16.6499,85,110,75,230.8
2339,16.656,82,110,74,230.8
2340,16.6617,48,110,70,230.8
2341,16.6671,6,110,70,230.8
2342,16.6725,67,111,71,230.8
2343,16.6779,59,111,67,230.6
2344,16.6828,0,110,58,230.6
2345,16.6876,0,110,58,230.6
2346,16.6923,0,109,40,230.6
2347,16.6965,0,109,40,230.6
2348,16.7005,0,108,40,230.6
2349,16.7043,0,107,0,230.8
2350,16.708,0,105,0,230.8
2351,16.7113,0,105,0,230.8
2352,16.7145,0,104,0,230.8
2353,16.7176,0,104,0,230.8
2354,16.7204,0,104,0,230.8
2355,16.723,0,105,0,230.8
2356,16.7255,0,105,0,230.8
2357,16.7279,0,105,0,230.8
2358,16.7301,0,106,0,230.8
2359,16.7322,0,106,0,230.8
2360,16.7341,0,105,0,230.8
2361,16.7361,0,105,0,230.8
2362,16.7378,0,104,0,230.8
2363,16.7394,0,102,0,230.8
2364,16.7408,0,100,0,230.8
2365,16.7422,0,99,0,230.8
2366,16.7434,0,98,0,231
2367,16.7447,0,98,0,231
2368,16.7456,0,97,0,231
2369,16.7466,0,97,0,231.2
2370,16.7473,0,97,0,231.2
2371,16.748,0,96,0,231.2
2372,16.7487,0,95,0,231.2
2373,16.7487,0,95,0,231.2
