secs,power,hr,cad,session_time,hr_p_fatigue
0,95,96,80,0,72.25
1,99,97,83,1,72.25
2,125,96,86,2,64.75
3,191,96,90,3,48.25
4,230,97,90,4,39.5
5,230,96,91,5,38.5
6,231,96,90,6,38.25
7,237,95,92,7,35.75
8,220,96,88,8,41.0
9,241,96,88,9,35.75
10,247,100,89,10,38.25
11,240,103,89,11,43.0
12,252,106,89,12,43.0
13,235,108,88,13,49.25
14,281,110,91,14,39.75
15,291,112,95,15,39.25
16,289,114,95,16,41.75
17,299,114,97,17,39.25
18,301,114,97,18,38.75
19,305,114,99,19,37.75
20,316,115,102,20,36.0
21,293,116,101,21,42.75
22,275,117,97,22,48.25
23,294,118,96,23,44.5
24,296,119,96,24,45.0
25,298,120,95,25,45.5
26,294,121,96,26,47.5
27,288,122,93,27,50.0
28,265,122,97,28,55.75
29,292,123,99,29,50.0
30,278,124,99,30,54.5
31,286,124,100,31,52.5
32,288,125,100,32,53.0
33,297,125,101,33,50.75
34,283,126,102,34,55.25
35,276,128,100,35,59.0
36,287,128,101,36,56.25
37,307,129,101,37,52.25
38,281,129,103,38,58.75
39,283,131,99,39,60.25
40,271,131,100,40,63.25
41,265,132,98,41,65.75
42,266,132,95,42,65.5
43,272,132,95,43,64.0
44,267,132,96,44,65.25
45,281,131,97,45,60.75
46,249,131,96,46,68.75
47,272,131,96,47,63.0
48,287,131,97,48,59.25
49,277,132,99,49,62.75
50,268,132,97,50,65.0
51,298,133,99,51,58.5
52,284,133,99,52,62.0
53,284,134,102,53,63.0
54,292,135,101,54,62.0
55,291,136,103,55,63.25
56,273,136,101,56,67.75
57,282,136,102,57,65.5
58,259,138,101,58,73.25
59,258,138,98,59,73.5
60,270,138,98,60,70.5
61,253,139,97,61,75.75
62,287,139,97,62,67.25
63,275,139,98,63,70.25
64,257,139,96,64,74.75
65,279,139,98,65,69.25
66,266,139,98,66,72.5
67,269,139,98,67,71.75
68,257,139,97,68,74.75
69,267,138,96,69,71.25
70,268,138,97,70,71.0
71,274,138,97,71,69.5
72,254,138,98,72,74.5
73,279,139,96,73,69.25
74,265,139,98,74,72.75
75,252,139,96,75,76.0
76,261,139,96,76,73.75
77,262,139,96,77,73.5
78,270,139,97,78,71.5
79,273,139,100,79,70.75
80,255,139,98,80,75.25
81,265,139,98,81,72.75
82,276,139,98,82,70.0
83,273,140,99,83,71.75
84,286,140,99,84,68.5
85,294,141,103,85,67.5
86,277,141,103,86,71.75
87,265,142,102,87,75.75
88,281,142,102,88,71.75
89,281,143,102,89,72.75
90,303,143,105,90,67.25
91,294,144,107,91,70.5
92,270,144,104,92,76.5
93,259,145,104,93,80.25
94,270,145,101,94,77.5
95,286,145,103,95,73.5
96,295,145,105,96,71.25
97,278,145,104,97,75.5
98,300,146,105,98,71.0
99,274,147,104,99,78.5
100,283,147,103,100,76.25
101,274,146,103,101,77.5
102,282,146,102,102,75.5
103,258,146,102,103,81.5
104,262,146,100,104,80.5
105,259,146,98,105,81.25
106,268,146,96,106,79.0
107,287,145,100,107,73.25
108,227,146,97,108,89.25
109,248,146,94,109,84.0
110,273,145,96,110,76.75
111,266,143,97,111,76.5
112,269,143,97,112,75.75
113,273,142,98,113,73.75
114,262,143,98,114,77.5
115,255,143,97,115,79.25
116,268,144,96,116,77.0
117,274,144,98,117,75.5
118,257,145,97,118,80.75
119,266,145,97,119,78.5
120,262,145,98,120,79.5
121,249,145,97,121,82.75
122,251,144,95,122,81.25
123,264,143,96,123,77.0
124,259,143,96,124,78.25
125,256,142,96,125,78.0
126,262,142,96,126,76.5
127,258,141,96,127,76.5
128,245,141,95,128,79.75
129,259,141,95,129,76.25
130,269,140,95,130,72.75
131,260,140,96,131,75.0
132,270,140,97,132,72.5
133,255,140,96,133,76.25
134,255,142,95,134,78.25
135,265,142,96,135,75.75
136,269,143,96,136,75.75
137,267,143,98,137,76.25
138,256,143,97,138,79.0
139,265,142,96,139,75.75
140,311,141,99,140,63.25
141,276,141,101,141,72.0
142,281,141,101,142,70.75
143,306,142,103,143,65.5
144,321,143,105,144,62.75
145,287,143,106,145,71.25
146,269,143,105,146,75.75
147,265,143,103,147,76.75
148,273,142,102,148,73.75
149,269,142,100,149,74.75
150,259,141,99,150,76.25
151,254,140,98,151,76.5
152,262,139,96,152,73.5
153,263,138,97,153,72.25
154,266,138,97,154,71.5
155,263,137,96,155,71.25
156,295,137,100,156,63.25
157,280,137,101,157,67.0
158,272,138,101,158,70.0
159,272,139,99,159,71.0
160,321,140,101,160,59.75
161,306,140,104,161,63.5
162,324,141,106,162,60.0
163,267,142,107,163,75.25
164,270,143,103,164,75.5
165,291,143,103,165,70.25
166,312,144,106,166,66.0
167,295,145,106,167,71.25
168,297,145,107,168,70.75
169,274,146,104,169,77.5
170,265,146,104,170,79.75
171,265,146,100,171,79.75
172,299,146,102,172,71.25
173,275,146,102,173,77.25
174,275,146,100,174,77.25
175,270,146,100,175,78.5
176,265,145,98,176,78.75
177,300,145,101,177,70.0
178,276,145,102,178,76.0
179,306,145,104,179,68.5
180,312,146,105,180,68.0
181,309,147,107,181,69.75
182,302,147,108,182,71.5
183,305,147,108,183,70.75
184,297,148,110,184,73.75
185,283,148,107,185,77.25
186,269,148,106,186,80.75
187,281,147,106,187,76.75
188,281,146,102,188,75.75
189,283,146,104,189,75.25
190,311,145,106,190,67.25
191,301,145,107,191,69.75
192,313,145,108,192,66.75
193,281,146,108,193,75.75
194,326,146,109,194,64.5
195,293,147,110,195,73.75
196,312,147,109,196,69.0
197,295,148,109,197,74.25
198,327,149,111,198,67.25
199,271,149,107,199,81.25
200,297,149,106,200,74.75
201,271,148,104,201,80.25
202,284,147,102,202,76.0
203,277,146,102,203,76.75
204,293,146,101,204,72.75
205,297,146,102,205,71.75
206,296,146,102,206,72.0
207,280,146,100,207,76.0
208,296,146,99,208,72.0
209,302,146,100,209,70.5
210,299,146,101,210,71.25
211,291,147,99,211,74.25
212,283,147,98,212,76.25
213,283,147,98,213,76.25
214,283,146,96,214,75.25
215,291,145,95,215,72.25
216,311,145,96,216,67.25
217,310,145,99,217,67.5
218,293,146,96,218,72.75
219,296,146,98,219,72.0
220,291,146,95,220,73.25
221,304,146,99,221,70.0
222,294,146,97,222,72.5
223,287,146,96,223,74.25
224,308,147,97,224,70.0
225,304,147,97,225,71.0
226,315,147,99,226,68.25
227,301,148,99,227,72.75
228,306,148,97,228,71.5
229,329,148,100,229,65.75
230,332,149,102,230,66.0
231,324,149,102,231,68.0
232,309,150,103,232,72.75
233,273,150,100,233,81.75
234,311,151,99,234,73.25
235,289,151,97,235,78.75
236,318,151,99,236,71.5
237,291,152,96,237,79.25
238,311,152,96,238,74.25
239,317,152,98,239,72.75
240,306,154,98,240,77.5
241,289,154,98,241,81.75
242,305,154,97,242,77.75
243,322,154,100,243,73.5
244,317,154,99,244,74.75
245,328,154,102,245,72.0
246,318,155,103,246,75.5
247,317,155,101,247,75.75
248,307,155,102,248,78.25
249,311,155,99,249,77.25
250,310,154,100,250,76.5
251,301,154,99,251,78.75
252,307,155,98,252,78.25
253,300,154,98,253,79.0
254,303,155,97,254,79.25
255,328,155,99,255,73.0
256,318,155,101,256,75.5
257,327,155,102,257,73.25
258,309,155,101,258,77.75
259,287,155,99,259,83.25
260,283,155,95,260,84.25
261,291,154,94,261,81.25
262,289,153,93,262,80.75
263,296,152,94,263,78.0
264,309,152,94,264,74.75
265,309,152,97,265,74.75
266,282,152,96,266,81.5
267,289,152,93,267,79.75
268,306,152,95,268,75.5
269,325,152,98,269,70.75
270,298,152,99,270,77.5
271,294,153,99,271,79.5
272,294,153,95,272,79.5
273,295,153,96,273,79.25
274,287,153,95,274,81.25
275,293,152,93,275,78.75
276,295,151,94,276,77.25
277,284,151,95,277,80.0
278,263,150,91,278,84.25
279,291,150,94,279,77.25
280,288,150,93,280,78.0
281,279,150,92,281,80.25
282,273,150,91,282,81.75
283,277,150,92,283,80.75
284,270,151,90,284,83.5
285,261,151,87,285,85.75
286,296,151,90,286,77.0
287,282,151,91,287,80.5
288,278,152,91,288,82.5
289,270,151,90,289,83.5
290,280,151,91,290,81.0
291,263,151,90,291,85.25
292,279,151,90,292,81.25
293,256,151,88,293,87.0
294,266,152,87,294,85.5
295,281,152,89,295,81.75
296,270,152,88,296,84.5
297,279,152,91,297,82.25
298,253,153,89,298,89.75
299,273,153,87,299,84.75
300,282,153,90,300,82.5
301,278,153,90,301,83.5
302,278,153,92,302,83.5
303,262,153,91,303,87.5
304,265,153,90,304,86.75
305,271,153,90,305,85.25
306,319,153,93,306,73.25
307,313,154,97,307,75.75
308,290,154,96,308,81.5
309,299,155,96,309,80.25
310,307,155,99,310,78.25
311,288,155,99,311,83.0
312,291,155,97,312,82.25
313,326,155,99,313,73.5
314,319,155,102,314,75.25
315,298,155,101,315,80.5
316,308,154,102,316,77.0
317,298,154,101,317,79.5
318,306,154,101,318,77.5
319,310,154,101,319,76.5
320,314,154,102,320,75.5
321,314,155,103,321,76.5
322,294,155,102,322,81.5
323,294,155,99,323,81.5
324,289,154,100,324,81.75
325,289,155,98,325,82.75
326,294,155,96,326,81.5
327,299,154,100,327,79.25
328,279,154,97,328,84.25
329,293,154,96,329,80.75
330,280,154,96,330,84.0
331,259,155,93,331,90.25
332,251,154,90,332,91.25
333,296,154,90,333,80.0
334,313,154,97,334,75.75
335,282,154,97,335,83.5
336,288,153,97,336,81.0
337,290,153,97,337,80.5
338,284,152,96,338,81.0
339,299,153,98,339,78.25
340,303,153,99,340,77.25
341,295,152,100,341,78.25
342,301,151,100,342,75.75
343,312,151,101,343,73.0
344,308,151,101,344,74.0
345,308,152,101,345,75.0
346,291,152,101,346,79.25
347,292,152,99,347,79.0
348,304,152,100,348,76.0
349,308,152,100,349,75.0
350,311,151,100,350,73.25
351,311,151,102,351,73.25
352,318,151,104,352,71.5
353,318,152,105,353,72.5
354,314,152,104,354,73.5
355,326,153,106,355,71.5
356,307,154,105,356,77.25
357,315,153,105,357,74.25
358,312,154,106,358,76.0
359,307,154,105,359,77.25
360,306,154,104,360,77.5
361,310,154,105,361,76.5
362,299,154,103,362,79.25
363,318,154,104,363,74.5
364,306,154,105,364,77.5
365,308,155,104,365,78.0
366,292,155,103,366,82.0
367,273,155,99,367,86.75
368,320,155,101,368,75.0
369,331,155,105,369,72.25
370,224,155,99,370,99.0
371,296,155,100,371,81.0
372,267,155,97,372,88.25
373,268,155,95,373,88.0
374,304,156,97,374,80.0
375,285,156,98,375,84.75
376,312,157,98,376,79.0
377,301,157,100,377,81.75
378,286,157,99,378,85.5
379,285,157,99,379,85.75
380,309,157,99,380,79.75
381,296,157,101,381,83.0
382,282,158,100,382,87.5
383,297,158,99,383,83.75
384,287,158,99,384,86.25
385,295,158,99,385,84.25
386,286,158,98,386,86.5
387,290,157,98,387,84.5
388,287,157,97,388,85.25
389,310,157,97,389,79.5
390,310,156,97,390,78.5
391,285,156,100,391,84.75
392,285,156,98,392,84.75
393,299,156,97,393,81.25
394,309,156,99,394,78.75
395,282,156,99,395,85.5
396,284,156,96,396,85.0
397,281,156,97,397,85.75
398,292,156,97,398,83.0
399,286,155,98,399,83.5
400,285,155,97,400,83.75
401,283,155,97,401,84.25
402,277,154,96,402,84.75
403,269,155,95,403,87.75
404,297,154,95,404,79.75
405,318,154,99,405,74.5
406,295,155,100,406,81.25
407,300,155,100,407,80.0
408,289,155,101,408,82.75
409,290,156,99,409,83.5
410,286,156,98,410,84.5
411,297,156,99,411,81.75
412,306,157,100,412,80.5
413,312,157,102,413,79.0
414,298,158,102,414,83.5
415,298,158,102,415,83.5
416,290,159,101,416,86.5
417,287,159,99,417,87.25
418,294,159,100,418,85.5
419,276,159,98,419,90.0
420,295,158,98,420,84.25
421,291,158,99,421,85.25
422,287,157,99,422,85.25
423,267,157,97,423,90.25
424,290,157,97,424,84.5
425,295,156,98,425,82.25
426,276,156,98,426,87.0
427,279,156,96,427,86.25
428,294,156,98,428,82.5
429,267,156,96,429,89.25
430,270,156,94,430,88.5
431,279,156,94,431,86.25
432,277,156,96,432,86.75
433,268,157,94,433,90.0
434,272,157,94,434,89.0
435,255,157,93,435,93.25
436,265,157,91,436,90.75
437,284,156,93,437,85.0
438,277,155,94,438,85.75
439,299,155,96,439,80.25
440,287,155,98,440,83.25
441,262,155,96,441,89.5
442,278,155,93,442,85.5
443,287,156,95,443,84.25
444,285,156,96,444,84.75
445,293,155,97,445,81.75
446,301,154,98,446,78.75
447,302,155,100,447,79.5
448,298,155,100,448,80.5
449,299,155,101,449,80.25
450,280,156,100,450,86.0
451,296,156,99,451,82.0
452,310,156,101,452,78.5
453,308,157,102,453,80.0
454,310,157,103,454,79.5
455,313,158,103,455,79.75
456,299,158,103,456,83.25
457,290,159,102,457,86.5
458,277,158,100,458,88.75
459,256,158,95,459,94.0
460,297,157,96,460,82.75
461,288,157,97,461,85.0
462,284,157,97,462,86.0
463,312,158,99,463,80.0
464,283,158,98,464,87.25
465,282,158,97,465,87.5
466,287,159,97,466,87.25
467,280,159,97,467,89.0
468,263,159,96,468,93.25
469,261,159,93,469,93.75
470,271,159,94,470,91.25
471,266,159,92,471,92.5
472,287,159,92,472,87.25
473,291,159,96,473,86.25
474,289,159,97,474,86.75
475,320,159,98,475,79.0
476,292,159,100,476,86.0
477,260,159,98,477,94.0
478,271,159,95,478,91.25
479,278,157,96,479,87.5
480,306,156,96,480,79.5
481,306,155,98,481,78.5
482,289,155,101,482,82.75
483,283,155,99,483,84.25
484,298,156,99,484,81.5
485,295,156,100,485,82.25
486,295,156,99,486,82.25
487,301,157,100,487,81.75
488,287,157,101,488,85.25
489,290,158,99,489,85.5
490,290,158,100,490,85.5
491,282,159,99,491,88.5
492,299,158,99,492,83.25
493,298,158,101,493,83.5
494,287,158,100,494,86.25
495,298,157,99,495,82.5
496,310,157,102,496,79.5
497,303,157,102,497,81.25
498,295,157,102,498,83.25
499,297,158,102,499,83.75
500,284,159,100,500,88.0
501,283,159,99,501,88.25
502,277,159,99,502,89.75
503,271,160,96,503,92.25
504,274,160,96,504,91.5
505,267,160,94,505,93.25
506,285,160,95,506,88.75
507,265,160,94,507,93.75
508,309,159,97,508,81.75
509,278,159,98,509,89.5
510,267,160,96,510,93.25
511,277,159,95,511,89.75
512,269,159,95,512,91.75
513,260,159,94,513,94.0
514,282,158,95,514,87.5
515,250,159,94,515,96.5
516,269,159,93,516,91.75
517,260,159,93,517,94.0
518,269,159,92,518,91.75
519,264,159,91,519,93.0
520,281,159,95,520,88.75
521,272,160,94,521,92.0
522,251,160,94,522,97.25
523,244,160,90,523,99.0
524,255,160,90,524,96.25
525,249,159,90,525,96.75
526,272,158,91,526,90.0
527,272,158,92,527,90.0
528,245,158,93,528,96.75
529,284,159,91,529,88.0
530,297,159,98,530,84.75
531,285,159,97,531,87.75
532,269,159,98,532,91.75
533,264,159,95,533,93.0
534,276,159,97,534,90.0
535,257,158,95,535,93.75
536,249,158,91,536,95.75
537,322,158,97,537,77.5
538,291,158,99,538,85.25
539,261,158,97,539,92.75
540,251,158,93,540,95.25
541,281,157,94,541,86.75
542,281,156,95,542,85.75
543,281,156,97,543,85.75
544,299,156,97,544,81.25
545,290,156,102,545,83.5
546,0,155,91,546,155.0
547,0,155,91,547,155.0
548,0,155,91,548,155.0
549,0,155,0,549,155.0
550,0,154,0,550,154.0
551,21,153,12,551,147.75
552,260,152,81,552,87.0
553,244,152,81,553,91.0
554,244,152,85,554,91.0
555,259,152,86,555,87.25
556,254,152,87,556,88.5
557,255,153,88,557,89.25
558,255,153,88,558,89.25
559,245,154,88,559,92.75
560,251,155,87,560,92.25
561,256,155,89,561,91.0
562,261,156,90,562,90.75
563,286,156,92,563,84.5
564,258,157,94,564,92.5
565,298,158,96,565,83.5
566,313,157,101,566,78.75
567,291,158,102,567,85.25
568,291,158,102,568,85.25
569,263,158,99,569,92.25
570,257,158,95,570,93.75
571,264,157,94,571,91.0
572,288,157,97,572,85.0
573,277,158,97,573,88.75
574,282,158,97,574,87.5
575,282,158,98,575,87.5
576,301,159,100,576,83.75
577,302,159,103,577,83.5
578,298,159,103,578,84.5
579,293,160,104,579,86.75
580,287,160,103,580,88.25
581,270,160,102,581,92.5
582,278,161,102,582,91.5
583,253,161,99,583,97.75
584,262,161,98,584,95.5
585,260,161,96,585,96.0
586,253,161,96,586,97.75
587,243,161,93,587,100.25
588,275,161,94,588,92.25
589,279,161,98,589,91.25
590,285,160,98,590,88.75
591,289,160,101,591,87.75
592,284,160,101,592,89.0
593,315,159,101,593,80.25
594,290,158,104,594,85.5
595,246,158,100,595,96.5
596,255,158,97,596,94.25
597,275,158,97,597,89.25
598,275,158,97,598,89.25
599,266,159,97,599,92.5
600,265,159,96,600,92.75
601,293,159,98,601,85.75
602,290,160,100,602,87.5
603,294,160,101,603,86.5
604,288,160,103,604,88.0
605,275,160,102,605,91.25
606,313,160,102,606,81.75
607,298,159,104,607,84.5
608,271,159,101,608,91.25
609,223,159,100,609,103.25
610,247,159,95,610,97.25
611,259,159,94,611,94.25
612,273,159,95,612,90.75
613,249,159,95,613,96.75
614,260,160,94,614,95.0
615,236,160,93,615,101.0
616,249,159,92,616,96.75
617,246,160,91,617,98.5
618,265,159,92,618,92.75
619,271,159,96,619,91.25
620,264,159,95,620,93.0
621,292,159,97,621,86.0
622,265,160,98,622,93.75
623,270,160,97,623,92.5
624,270,160,98,624,92.5
625,277,160,99,625,90.75
626,244,160,97,626,99.0
627,266,159,95,627,92.5
628,253,159,96,628,95.75
629,275,159,94,629,90.25
630,273,159,97,630,90.75
631,256,159,96,631,95.0
632,270,159,96,632,91.5
633,282,158,99,633,87.5
634,261,158,98,634,92.75
635,237,158,95,635,98.75
636,274,159,95,636,90.5
637,277,159,95,637,89.75
638,277,159,98,638,89.75
639,273,159,100,639,90.75
640,271,159,98,640,91.25
641,282,159,100,641,88.5
642,288,158,100,642,86.0
643,239,158,100,643,98.25
644,254,158,94,644,94.5
645,250,158,95,645,95.5
646,271,158,93,646,90.25
647,275,159,98,647,90.25
648,259,159,95,648,94.25
649,272,159,97,649,91.0
650,252,160,95,650,97.0
651,263,160,94,651,94.25
652,269,160,96,652,92.75
653,247,161,94,653,99.25
654,254,161,92,654,97.5
655,255,161,94,655,97.25
656,231,161,92,656,103.25
657,277,161,93,657,91.75
658,251,161,95,658,98.25
659,265,161,94,659,94.75
660,276,161,97,660,92.0
661,278,161,97,661,91.5
662,284,162,99,662,91.0
663,258,161,96,663,96.5
664,247,161,94,664,99.25
665,251,160,94,665,97.25
666,259,160,93,666,95.25
667,289,159,96,667,86.75
668,276,160,97,668,91.0
669,278,160,99,669,90.5
670,274,160,99,670,91.5
671,278,160,100,671,90.5
672,259,160,99,672,95.25
673,264,160,97,673,94.0
674,277,160,97,674,90.75
675,275,159,99,675,90.25
676,281,159,99,676,88.75
677,284,158,101,677,87.0
678,294,158,101,678,84.5
679,301,158,102,679,82.75
680,296,159,104,680,85.0
681,275,159,102,681,90.25
682,273,159,100,682,90.75
683,289,160,102,683,87.75
684,288,160,101,684,88.0
685,286,160,103,685,88.5
686,283,160,102,686,89.25
687,293,161,103,687,87.75
688,308,161,105,688,84.0
689,280,162,106,689,92.0
690,275,162,103,690,93.25
691,285,162,102,691,90.75
692,265,162,101,692,95.75
693,278,162,100,693,92.5
694,268,162,100,694,95.0
695,251,162,98,695,99.25
696,266,161,98,696,94.5
697,266,161,97,697,94.5
698,298,161,100,698,86.5
699,297,161,103,699,86.75
700,278,162,102,700,92.5
701,303,161,103,701,85.25
702,291,161,105,702,88.25
703,275,162,104,703,93.25
704,269,162,102,704,94.75
705,289,162,102,705,89.75
706,286,162,102,706,90.5
707,317,162,104,707,82.75
708,310,162,107,708,84.5
709,282,162,105,709,91.5
710,262,162,104,710,96.5
711,250,162,100,711,99.5
712,250,162,97,712,99.5
713,237,162,94,713,102.75
714,296,161,94,714,87.0
715,296,162,97,715,88.0
716,282,162,102,716,91.5
717,282,163,100,717,92.5
718,304,162,103,718,86.0
719,294,162,105,719,88.5
720,256,163,102,720,99.0
721,264,163,98,721,97.0
722,269,163,98,722,95.75
723,297,162,100,723,87.75
724,289,162,103,724,89.75
725,268,161,102,725,94.0
726,279,162,100,726,92.25
727,277,162,100,727,92.75
728,296,162,102,728,88.0
729,269,162,102,729,94.75
730,257,162,99,730,97.75
731,272,162,98,731,94.0
732,288,162,99,732,90.0
733,294,162,102,733,88.5
734,295,161,104,734,87.25
735,268,161,102,735,94.0
736,277,160,101,736,90.75
737,304,160,103,737,84.0
738,279,160,102,738,90.25
739,277,160,102,739,90.75
740,285,160,102,740,88.75
741,270,160,101,741,92.5
742,287,160,100,742,88.25
743,293,160,101,743,86.75
744,294,161,104,744,87.5
745,292,162,102,745,89.0
746,266,162,104,746,95.5
747,308,162,104,747,85.0
748,257,163,103,748,98.75
749,267,163,103,749,96.25
750,252,163,97,750,100.0
751,273,162,98,751,93.75
752,262,162,97,752,96.5
753,266,162,98,753,95.5
754,264,162,97,754,96.0
755,265,162,96,755,95.75
756,264,163,97,756,97.0
757,261,163,96,757,97.75
758,267,163,96,758,96.25
759,263,163,97,759,97.25
760,256,163,95,760,99.0
761,254,163,94,761,99.5
762,263,162,95,762,96.25
763,262,163,95,763,97.5
764,243,163,94,764,102.25
765,254,162,91,765,98.5
766,253,162,94,766,98.75
767,262,162,94,767,96.5
768,260,162,94,768,97.0
769,283,162,96,769,91.25
770,262,162,96,770,96.5
771,266,162,97,771,95.5
772,255,163,95,772,99.25
773,257,163,96,773,98.75
774,254,163,94,774,99.5
775,270,162,96,775,94.5
776,252,161,96,776,98.0
777,251,161,94,777,98.25
778,261,161,95,778,95.75
779,250,161,93,779,98.5
780,263,161,94,780,95.25
781,254,161,95,781,97.5
782,255,161,94,782,97.25
783,267,161,95,783,94.25
784,248,162,94,784,100.0
785,263,162,94,785,96.25
786,271,161,95,786,93.25
787,262,161,97,787,95.5
788,265,160,96,788,93.75
789,251,159,96,789,96.25
790,263,159,95,790,93.25
791,255,159,96,791,95.25
792,254,159,94,792,95.5
793,268,159,95,793,92.0
794,286,159,98,794,87.5
795,277,159,99,795,89.75
796,272,159,98,796,91.0
797,265,159,98,797,92.75
798,265,159,98,798,92.75
799,257,159,96,799,94.75
800,278,158,97,800,88.5
801,254,157,96,801,93.5
802,261,157,95,802,91.75
803,250,156,94,803,93.5
804,252,156,93,804,93.0
805,245,157,92,805,95.75
806,279,157,95,806,87.25
807,271,157,96,807,89.25
808,273,159,96,808,90.75
809,279,158,99,809,88.25
810,276,158,99,810,89.0
811,277,158,99,811,88.75
812,294,158,100,812,84.5
813,302,158,102,813,82.5
814,273,158,102,814,89.75
815,275,159,101,815,90.25
816,285,158,101,816,86.75
817,257,158,99,817,93.75
818,266,158,98,818,91.5
819,264,158,96,819,92.0
820,274,159,98,820,90.5
821,247,159,96,821,97.25
822,252,158,94,822,95.0
823,270,157,95,823,89.5
824,265,157,96,824,90.75
825,271,157,96,825,89.25
826,260,157,96,826,92.0
827,292,157,98,827,84.0
828,254,157,98,828,93.5
829,275,158,98,829,89.25
830,304,159,101,830,83.0
831,275,159,101,831,90.25
832,270,159,99,832,91.5
833,261,159,98,833,93.75
834,273,159,98,834,90.75
835,266,159,97,835,92.5
836,279,160,99,836,90.25
837,242,160,95,837,99.5
838,268,160,95,838,93.0
839,268,160,95,839,93.0
840,255,159,95,840,95.25
841,264,159,95,841,93.0
842,282,159,95,842,88.5
843,282,159,96,843,88.5
844,270,160,98,844,92.5
845,278,160,99,845,90.5
846,273,161,98,846,92.75
847,295,161,99,847,87.25
848,275,161,103,848,92.25
849,253,161,99,849,97.75
850,271,161,98,850,93.25
851,248,161,96,851,99.0
852,310,160,99,852,82.5
853,286,162,103,853,90.5
854,236,161,98,854,102.0
855,255,162,96,855,98.25
856,279,162,98,856,92.25
857,298,161,100,857,86.5
858,278,161,102,858,91.5
859,257,162,99,859,97.75
860,269,162,99,860,94.75
861,309,162,101,861,84.75
862,302,162,104,862,86.5
863,297,162,105,863,87.75
864,298,162,105,864,87.5
865,269,161,104,865,93.75
866,258,162,100,866,97.5
867,301,161,103,867,85.75
868,295,162,104,868,88.25
869,276,162,103,869,93.0
870,265,163,102,870,96.75
871,282,163,101,871,92.5
872,268,163,100,872,96.0
873,273,163,99,873,94.75
874,270,163,98,874,95.5
875,280,163,99,875,93.0
876,289,163,102,876,90.75
877,284,162,102,877,91.0
878,284,163,99,878,92.0
879,310,162,99,879,84.5
880,310,163,103,880,85.5
881,286,163,104,881,91.5
882,306,163,106,882,86.5
883,292,164,106,883,91.0
884,292,163,104,884,90.0
885,301,163,106,885,87.75
886,304,163,105,886,87.0
887,315,162,108,887,83.25
888,289,162,109,888,89.75
889,283,162,105,889,91.25
890,328,162,107,890,80.0
891,311,162,109,891,84.25
892,316,162,109,892,83.0
893,300,162,109,893,87.0
894,284,163,107,894,92.0
895,304,163,106,895,87.0
896,285,163,106,896,91.75
897,360,163,110,897,73.0
898,277,163,108,898,93.75
899,261,163,103,899,97.75
900,247,163,97,900,101.25
901,267,164,96,901,97.25
902,269,163,97,902,95.75
903,266,164,95,903,97.5
904,262,164,96,904,98.5
905,259,165,97,905,100.25
906,308,165,98,906,88.0
907,274,165,101,907,96.5
908,267,166,100,908,99.25
909,281,166,99,909,95.75
910,260,166,99,910,101.0
911,261,166,97,911,100.75
912,279,166,98,912,96.25
913,280,166,101,913,96.0
914,271,166,98,914,98.25
915,271,166,99,915,98.25
916,249,166,97,916,103.75
917,270,165,98,917,97.5
918,256,166,96,918,102.0
919,299,165,99,919,90.25
920,304,165,103,920,89.0
921,302,165,105,921,89.5
922,298,165,105,922,90.5
923,257,165,103,923,100.75
924,259,166,99,924,101.25
925,259,166,99,925,101.25
926,273,165,97,926,96.75
927,306,164,104,927,87.5
928,265,165,102,928,98.75
929,266,165,101,929,98.5
930,281,165,100,930,94.75
931,280,165,102,931,95.0
932,266,165,100,932,98.5
933,270,165,98,933,97.5
934,280,166,98,934,96.0
935,280,166,100,935,96.0
936,269,166,100,936,98.75
937,291,165,101,937,92.25
938,275,166,102,938,97.25
939,274,166,100,939,97.5
940,270,165,100,940,97.5
941,275,165,100,941,96.25
942,264,165,99,942,99.0
943,276,165,99,943,96.0
944,294,164,100,944,90.5
945,292,164,103,945,91.0
946,308,164,104,946,87.0
947,307,164,106,947,87.25
948,286,164,107,948,92.5
949,282,165,105,949,94.5
950,287,165,105,950,93.25
951,286,165,104,951,93.5
952,293,165,104,952,91.75
953,283,165,105,953,94.25
954,278,165,104,954,95.5
955,280,165,103,955,95.0
956,299,165,103,956,90.25
957,295,165,107,957,91.25
958,270,165,105,958,97.5
959,281,165,102,959,94.75
960,258,164,102,960,99.5
961,263,164,99,961,98.25
962,247,164,95,962,102.25
963,255,164,95,963,100.25
964,273,165,97,964,96.75
965,252,165,96,965,102.0
966,245,165,95,966,103.75
967,280,165,96,967,95.0
968,255,165,96,968,101.25
969,274,165,97,969,96.5
970,284,165,99,970,94.0
971,283,165,100,971,94.25
972,295,165,102,972,91.25
973,307,166,104,973,89.25
974,279,166,105,974,96.25
975,283,166,103,975,95.25
976,303,166,105,976,90.25
977,296,166,106,977,92.0
978,285,166,107,978,94.75
979,312,166,107,979,88.0
980,299,166,109,980,91.25
981,269,166,106,981,98.75
982,263,166,103,982,100.25
983,271,166,102,983,98.25
984,255,165,100,984,101.25
985,267,165,99,985,98.25
986,250,164,98,986,101.5
987,278,164,98,987,94.5
988,287,164,98,988,92.25
989,287,164,100,989,92.25
990,290,164,104,990,91.5
991,313,164,106,991,85.75
992,272,165,105,992,97.0
993,300,165,104,993,90.0
994,304,164,108,994,88.0
995,285,164,108,995,92.75
996,249,164,105,996,101.75
997,271,164,103,997,96.25
998,266,164,102,998,97.5
999,291,164,102,999,91.25
1000,283,163,103,1000,92.25
1001,296,163,104,1001,89.0
1002,292,163,106,1002,90.0
1003,262,163,103,1003,97.5
1004,288,163,104,1004,91.0
1005,281,164,104,1005,93.75
1006,257,164,102,1006,99.75
1007,256,165,100,1007,101.0
1008,287,165,101,1008,93.25
1009,274,165,103,1009,96.5
1010,276,165,102,1010,96.0
1011,268,164,102,1011,97.0
1012,259,164,99,1012,99.25
1013,247,164,99,1013,102.25
1014,254,164,97,1014,100.5
1015,269,164,99,1015,96.75
1016,248,164,96,1016,102.0
1017,262,163,96,1017,97.5
1018,252,163,96,1018,100.0
1019,251,163,96,1019,100.25
1020,268,162,96,1020,95.0
1021,256,161,96,1021,97.0
1022,259,161,96,1022,96.25
1023,276,161,96,1023,92.0
1024,277,161,99,1024,91.75
1025,254,162,97,1025,98.5
1026,256,162,96,1026,98.0
1027,285,163,97,1027,91.75
1028,251,163,100,1028,100.25
1029,250,163,97,1029,100.5
1030,228,163,93,1030,106.0
1031,220,164,90,1031,109.0
1032,252,163,90,1032,100.0
1033,280,164,94,1033,94.0
1034,261,164,96,1034,98.75
1035,233,164,92,1035,105.75
1036,276,165,94,1036,96.0
1037,250,165,94,1037,102.5
1038,250,165,95,1038,102.5
1039,255,165,93,1039,101.25
1040,267,165,94,1040,98.25
1041,274,165,97,1041,96.5
1042,284,166,99,1042,95.0
1043,286,166,101,1043,94.5
1044,274,166,101,1044,97.5
1045,278,165,101,1045,95.5
1046,268,165,101,1046,98.0
1047,268,165,100,1047,98.0
1048,266,165,99,1048,98.5
1049,275,164,100,1049,95.25
1050,269,164,100,1050,96.75
1051,278,164,100,1051,94.5
1052,270,164,100,1052,96.5
1053,250,164,98,1053,101.5
1054,271,163,98,1054,95.25
1055,264,163,99,1055,97.0
1056,274,162,99,1056,93.5
1057,272,162,99,1057,94.0
1058,269,162,99,1058,94.75
1059,272,161,99,1059,93.0
1060,298,161,101,1060,86.5
1061,274,162,101,1061,93.5
1062,264,162,100,1062,96.0
1063,252,162,98,1063,99.0
1064,277,162,99,1064,92.75
1065,253,162,98,1065,98.75
1066,263,162,98,1066,96.25
1067,257,162,98,1067,97.75
1068,267,162,98,1068,95.25
1069,249,162,96,1069,99.75
1070,243,162,95,1070,101.25
1071,269,162,95,1071,94.75
1072,269,163,94,1072,95.75
1073,304,163,101,1073,87.0
1074,298,164,104,1074,89.5
1075,299,164,106,1075,89.25
1076,254,165,104,1076,101.5
1077,245,164,100,1077,102.75
1078,276,164,100,1078,95.0
1079,318,164,103,1079,84.5
1080,280,164,105,1080,94.0
1081,282,164,103,1081,93.5
1082,266,164,103,1082,97.5
1083,283,164,100,1083,93.25
1084,273,164,102,1084,95.75
1085,254,164,100,1085,100.5
1086,285,164,100,1086,92.75
1087,279,163,102,1087,93.25
1088,291,164,102,1088,91.25
1089,263,165,101,1089,99.25
1090,269,164,99,1090,96.75
1091,286,164,100,1091,92.5
1092,297,164,103,1092,89.75
1093,285,165,101,1093,93.75
1094,283,165,104,1094,94.25
1095,266,165,101,1095,98.5
1096,264,165,99,1096,99.0
1097,286,165,100,1097,93.5
1098,264,165,99,1098,99.0
1099,276,166,99,1099,97.0
1100,276,166,99,1100,97.0
1101,273,166,98,1101,97.75
1102,274,166,98,1102,97.5
1103,289,165,100,1103,92.75
1104,275,165,100,1104,96.25
1105,278,165,99,1105,95.5
1106,281,164,100,1106,93.75
1107,287,164,100,1107,92.25
1108,280,164,101,1108,94.0
1109,282,164,101,1109,93.5
1110,282,164,100,1110,93.5
1111,267,164,99,1111,97.25
1112,276,164,98,1112,95.0
1113,279,165,99,1113,95.25
1114,285,164,100,1114,92.75
1115,267,164,99,1115,97.25
1116,286,163,100,1116,91.5
1117,262,163,98,1117,97.5
1118,291,163,99,1118,90.25
1119,291,163,101,1119,90.25
1120,276,162,100,1120,93.0
1121,264,162,99,1121,96.0
1122,278,162,98,1122,92.5
1123,292,161,99,1123,88.0
1124,298,160,101,1124,85.5
1125,293,160,102,1125,86.75
1126,301,160,103,1126,84.75
1127,309,160,106,1127,82.75
1128,298,161,105,1128,86.5
1129,282,161,105,1129,90.5
1130,274,162,102,1130,93.5
1131,272,162,101,1131,94.0
1132,265,162,99,1132,95.75
1133,284,163,98,1133,92.0
1134,287,163,100,1134,91.25
1135,269,163,100,1135,95.75
1136,274,163,98,1136,94.5
1137,283,164,99,1137,93.25
1138,278,164,99,1138,94.5
1139,297,165,100,1139,90.75
1140,267,165,99,1140,98.25
1141,281,165,98,1141,94.75
1142,305,165,102,1142,88.75
1143,274,165,101,1143,96.5
1144,287,166,102,1144,94.25
1145,281,166,102,1145,95.75
1146,277,166,100,1146,96.75
1147,278,165,100,1147,95.5
1148,266,165,98,1148,98.5
1149,285,165,98,1149,93.75
1150,295,165,102,1150,91.25
1151,268,165,101,1151,98.0
1152,266,165,98,1152,98.5
1153,285,165,99,1153,93.75
1154,282,165,100,1154,94.5
1155,266,165,99,1155,98.5
1156,282,165,99,1156,94.5
1157,292,165,99,1157,92.0
1158,296,164,102,1158,90.0
1159,315,164,104,1159,85.25
1160,275,164,104,1160,95.25
1161,270,164,102,1161,96.5
1162,269,164,101,1162,96.75
1163,293,164,102,1163,90.75
1164,278,164,102,1164,94.5
1165,292,164,102,1165,91.0
1166,308,164,104,1166,87.0
1167,288,165,106,1167,93.0
1168,230,165,98,1168,107.5
1169,295,164,99,1169,90.25
1170,292,164,102,1170,91.0
1171,267,165,101,1171,98.25
1172,289,165,100,1172,92.75
1173,293,165,103,1173,91.75
1174,277,166,101,1174,96.75
1175,291,165,102,1175,92.25
1176,289,165,103,1176,92.75
1177,297,164,103,1177,89.75
1178,279,165,104,1178,95.25
1179,284,165,103,1179,94.0
1180,290,165,103,1180,92.5
1181,279,165,102,1181,95.25
1182,290,166,105,1182,93.5
1183,254,166,100,1183,102.5
1184,263,166,96,1184,100.25
1185,281,166,98,1185,95.75
1186,274,165,101,1186,96.5
1187,250,165,98,1187,102.5
1188,268,165,97,1188,98.0
1189,294,164,101,1189,90.5
1190,280,164,102,1190,94.0
1191,285,164,101,1191,92.75
1192,294,164,102,1192,90.5
1193,299,164,105,1193,89.25
1194,285,164,104,1194,92.75
1195,298,164,104,1195,89.5
1196,281,165,104,1196,94.75
1197,275,165,103,1197,96.25
1198,291,165,103,1198,92.25
1199,296,165,105,1199,91.0
1200,276,165,103,1200,96.0
1201,273,165,102,1201,96.75
1202,273,165,101,1202,96.75
1203,295,165,101,1203,91.25
1204,291,165,103,1204,92.25
1205,273,166,101,1205,97.75
1206,288,165,102,1206,93.0
1207,277,165,103,1207,95.75
1208,250,165,99,1208,102.5
1209,246,164,96,1209,102.5
1210,265,164,95,1210,97.75
1211,267,164,97,1211,97.25
1212,254,163,97,1212,99.5
1213,243,163,94,1213,102.25
1214,315,163,97,1214,84.25
1215,263,163,98,1215,97.25
1216,255,163,97,1216,99.25
1217,265,162,96,1217,95.75
1218,265,162,97,1218,95.75
1219,252,163,96,1219,100.0
1220,255,163,95,1220,99.25
1221,254,163,94,1221,99.5
1222,269,164,96,1222,96.75
1223,263,164,96,1223,98.25
1224,239,165,94,1224,105.25
1225,252,165,93,1225,102.0
1226,256,165,95,1226,101.0
1227,262,165,95,1227,99.5
1228,262,166,95,1228,100.5
1229,263,166,95,1229,100.25
1230,254,166,96,1230,102.5
1231,248,166,94,1231,104.0
1232,258,166,94,1232,101.5
1233,253,166,95,1233,102.75
1234,267,166,95,1234,99.25
1235,268,166,95,1235,99.0
1236,262,166,97,1236,100.5
1237,260,167,96,1237,102.0
1238,252,167,95,1238,104.0
1239,249,167,93,1239,104.75
1240,256,167,95,1240,103.0
1241,259,167,95,1241,102.25
1242,251,166,94,1242,103.25
1243,253,166,93,1243,102.75
1244,279,166,96,1244,96.25
1245,259,166,96,1245,101.25
1246,255,166,95,1246,102.25
1247,251,166,94,1247,103.25
1248,252,166,94,1248,103.0
1249,246,166,93,1249,104.5
1250,262,166,94,1250,100.5
1251,249,166,94,1251,103.75
1252,257,166,93,1252,101.75
1253,262,166,96,1253,100.5
1254,232,165,94,1254,107.0
1255,246,165,92,1255,103.5
1256,260,164,94,1256,99.0
1257,255,164,93,1257,100.25
1258,274,164,95,1258,95.5
1259,293,164,98,1259,90.75
1260,298,164,100,1260,89.5
1261,293,165,104,1261,91.75
1262,288,166,104,1262,94.0
1263,291,166,104,1263,93.25
1264,289,167,105,1264,94.75
1265,288,166,105,1265,94.0
1266,291,166,104,1266,93.25
1267,307,166,106,1267,89.25
1268,287,166,106,1268,94.25
1269,280,166,104,1269,96.0
1270,300,166,105,1270,91.0
1271,276,166,105,1271,97.0
1272,264,167,104,1272,101.0
1273,273,166,101,1273,97.75
1274,283,166,103,1274,95.25
1275,261,166,100,1275,100.75
1276,297,166,101,1276,91.75
1277,311,166,105,1277,88.25
1278,289,167,107,1278,94.75
1279,275,167,107,1279,98.25
1280,275,167,103,1280,98.25
1281,249,167,101,1281,104.75
1282,277,165,100,1282,95.75
1283,281,166,101,1283,95.75
1284,273,165,101,1284,96.75
1285,268,166,100,1285,99.0
1286,292,166,101,1286,93.0
1287,252,167,100,1287,104.0
1288,303,167,100,1288,91.25
1289,282,167,100,1289,96.5
1290,282,168,105,1290,97.5
1291,253,168,99,1291,104.75
1292,279,167,101,1292,97.25
1293,251,168,99,1293,105.25
1294,246,167,96,1294,105.5
1295,245,167,94,1295,105.75
1296,262,167,95,1296,101.5
1297,262,167,96,1297,101.5
1298,243,167,94,1298,106.25
1299,269,167,94,1299,99.75
1300,325,167,99,1300,85.75
1301,299,168,103,1301,93.25
1302,287,168,103,1302,96.25
1303,285,168,105,1303,96.75
1304,256,168,102,1304,104.0
1305,274,168,101,1305,99.5
1306,281,167,100,1306,96.75
1307,302,167,103,1307,91.5
1308,284,168,104,1308,97.0
1309,275,167,103,1309,98.25
1310,279,167,102,1310,97.25
1311,282,167,102,1311,96.5
1312,276,167,102,1312,98.0
1313,281,167,102,1313,96.75
1314,270,167,101,1314,99.5
1315,261,167,100,1315,101.75
1316,267,167,100,1316,100.25
1317,248,167,98,1317,105.0
1318,250,166,95,1318,103.5
1319,274,166,97,1319,97.5
1320,261,166,97,1320,100.75
1321,272,166,97,1321,98.0
1322,241,167,96,1322,106.75
1323,258,167,94,1323,102.5
1324,258,167,95,1324,102.5
1325,249,167,95,1325,104.75
1326,242,168,95,1326,107.5
1327,242,168,93,1327,107.5
1328,253,167,93,1328,103.75
1329,277,167,92,1329,97.75
1330,263,167,97,1330,101.25
1331,258,167,96,1331,102.5
1332,250,167,96,1332,104.5
1333,242,166,94,1333,105.5
1334,241,166,92,1334,105.75
1335,260,166,93,1335,101.0
1336,258,166,94,1336,101.5
1337,253,166,94,1337,102.75
1338,256,167,95,1338,103.0
1339,258,167,95,1339,102.5
1340,248,167,96,1340,105.0
1341,244,166,95,1341,105.0
1342,239,166,95,1342,106.25
1343,239,166,93,1343,106.25
1344,245,166,93,1344,104.75
1345,245,165,92,1345,103.75
1346,260,165,94,1346,100.0
1347,285,165,97,1347,93.75
1348,261,166,99,1348,100.75
1349,271,166,99,1349,98.25
1350,258,166,99,1350,101.5
1351,259,166,98,1351,101.25
1352,259,165,98,1352,100.25
1353,262,164,98,1353,98.5
1354,254,163,97,1354,99.5
1355,266,163,98,1355,96.5
1356,259,163,98,1356,98.25
1357,274,162,99,1357,93.5
1358,286,163,101,1358,91.5
1359,290,163,103,1359,90.5
1360,298,164,104,1360,89.5
1361,285,164,106,1361,92.75
1362,283,165,104,1362,94.25
1363,266,164,102,1363,97.5
1364,311,164,94,1364,86.25
1365,305,164,99,1365,87.75
1366,280,163,95,1366,93.0
1367,281,163,93,1367,92.75
1368,284,162,92,1368,91.0
1369,317,162,93,1369,82.75
1370,297,162,93,1370,87.75
1371,325,163,96,1371,81.75
1372,306,164,96,1372,87.5
1373,311,164,94,1373,86.25
1374,330,164,98,1374,81.5
1375,308,164,96,1375,87.0
1376,320,164,97,1376,84.0
1377,266,165,97,1377,98.5
1378,280,165,100,1378,95.0
1379,266,165,102,1379,98.5
1380,260,164,103,1380,99.0
1381,241,164,98,1381,103.75
1382,248,165,98,1382,103.0
1383,274,165,97,1383,96.5
1384,261,165,98,1384,99.75
1385,260,165,98,1385,100.0
1386,285,166,99,1386,94.75
1387,283,166,104,1387,95.25
1388,273,166,102,1388,97.75
1389,277,167,103,1389,97.75
1390,247,167,100,1390,105.25
1391,265,167,99,1391,100.75
1392,285,166,101,1392,94.75
1393,266,166,101,1393,99.5
1394,248,166,99,1394,104.0
1395,255,165,97,1395,101.25
1396,278,165,98,1396,95.5
1397,281,165,99,1397,94.75
1398,261,165,99,1398,99.75
1399,282,166,100,1399,95.5
1400,278,166,100,1400,96.5
1401,278,166,100,1401,96.5
1402,264,166,99,1402,100.0
1403,270,166,98,1403,98.5
1404,280,166,99,1404,96.0
1405,309,166,102,1405,88.75
1406,277,166,102,1406,96.75
1407,273,166,102,1407,97.75
1408,273,167,100,1408,98.75
1409,291,167,102,1409,94.25
1410,278,166,102,1410,96.5
1411,254,166,101,1411,102.5
1412,272,165,99,1412,97.0
1413,284,165,101,1413,94.0
1414,249,165,100,1414,102.75
1415,241,165,96,1415,104.75
1416,241,165,94,1416,104.75
1417,278,165,94,1417,95.5
1418,267,165,97,1418,98.25
1419,270,165,97,1419,97.5
1420,261,165,98,1420,99.75
1421,252,166,96,1421,103.0
1422,247,166,95,1422,104.25
1423,220,166,92,1423,111.0
1424,262,166,92,1424,100.5
1425,262,166,92,1425,100.5
1426,274,167,97,1426,98.5
1427,255,167,96,1427,103.25
1428,246,167,96,1428,105.5
1429,246,167,94,1429,105.5
1430,243,167,91,1430,106.25
1431,249,167,93,1431,104.75
1432,235,167,92,1432,108.25
1433,236,167,90,1433,108.0
1434,246,167,91,1434,105.5
1435,293,167,97,1435,93.75
1436,276,167,98,1436,98.0
1437,259,168,99,1437,103.25
1438,268,168,98,1438,101.0
1439,279,167,98,1439,97.25
1440,289,168,100,1440,95.75
1441,273,167,101,1441,98.75
1442,267,168,99,1442,101.25
1443,264,167,100,1443,101.0
1444,255,168,98,1444,104.25
1445,239,167,97,1445,107.25
1446,237,168,93,1446,108.75
1447,260,167,94,1447,102.0
1448,244,167,94,1448,106.0
1449,243,167,93,1449,106.25
1450,240,166,93,1450,106.0
1451,271,166,93,1451,98.25
1452,283,166,99,1452,95.25
1453,257,166,98,1453,101.75
1454,254,165,97,1454,101.5
1455,247,164,95,1455,102.25
1456,250,164,96,1456,101.5
1457,242,164,93,1457,103.5
1458,262,164,95,1458,98.5
1459,259,163,95,1459,98.25
1460,278,163,96,1460,93.5
1461,269,163,98,1461,95.75
1462,254,163,97,1462,99.5
1463,254,163,97,1463,99.5
1464,261,163,97,1464,97.75
1465,246,163,95,1465,101.5
1466,270,163,96,1466,95.5
1467,276,163,97,1467,94.0
1468,259,163,98,1468,98.25
1469,252,163,98,1469,100.0
1470,252,164,97,1470,101.0
1471,253,164,95,1471,100.75
1472,243,164,95,1472,103.25
1473,238,164,93,1473,104.5
1474,252,163,94,1474,100.0
1475,262,163,95,1475,97.5
1476,277,162,98,1476,92.75
1477,264,161,97,1477,95.0
1478,242,160,97,1478,99.5
1479,233,160,94,1479,101.75
1480,240,160,93,1480,100.0
1481,255,160,94,1481,96.25
1482,271,160,97,1482,92.25
1483,229,160,95,1483,102.75
1484,220,160,91,1484,105.0
1485,259,161,92,1485,96.25
1486,271,161,96,1486,93.25
1487,245,161,98,1487,99.75
1488,219,160,91,1488,105.25
1489,234,160,89,1489,101.5
1490,241,160,91,1490,99.75
1491,240,160,94,1491,100.0
1492,220,160,90,1492,105.0
1493,250,160,92,1493,97.5
1494,249,160,94,1494,97.75
1495,243,160,94,1495,99.25
1496,243,161,94,1496,100.25
1497,248,161,93,1497,99.0
1498,254,161,93,1498,97.5
1499,254,161,96,1499,97.5
1500,255,161,96,1500,97.25
1501,300,161,97,1501,86.0
1502,231,162,98,1502,104.25
1503,259,162,96,1503,97.25
1504,258,162,97,1504,97.5
1505,260,162,98,1505,97.0
1506,262,162,99,1506,96.5
1507,268,162,99,1507,95.0
1508,255,162,101,1508,98.25
1509,250,162,97,1509,99.5
1510,272,162,100,1510,94.0
1511,238,161,97,1511,101.5
1512,224,161,96,1512,105.0
1513,225,161,92,1513,104.75
1514,259,161,93,1514,96.25
1515,266,162,96,1515,95.5
1516,240,163,97,1516,103.0
1517,211,164,92,1517,111.25
1518,225,164,91,1518,107.75
1519,246,164,91,1519,102.5
1520,240,164,91,1520,104.0
1521,271,164,94,1521,96.25
1522,254,164,95,1522,100.5
1523,234,164,95,1523,105.5
1524,255,164,95,1524,100.25
1525,248,164,94,1525,102.0
1526,283,163,97,1526,92.25
1527,265,163,100,1527,96.75
1528,228,163,96,1528,106.0
1529,231,163,93,1529,105.25
1530,262,163,94,1530,97.5
1531,246,163,95,1531,101.5
1532,293,163,98,1532,89.75
1533,280,164,101,1533,94.0
1534,262,165,101,1534,99.5
1535,246,166,97,1535,104.5
1536,285,166,99,1536,94.75
1537,270,166,98,1537,98.5
1538,262,166,100,1538,100.5
1539,238,166,96,1539,106.5
1540,251,165,94,1540,102.25
1541,251,164,94,1541,101.25
1542,268,164,96,1542,97.0
1543,291,164,98,1543,91.25
1544,297,165,101,1544,90.75
1545,299,164,102,1545,89.25
1546,305,165,106,1546,88.75
1547,267,165,105,1547,98.25
1548,243,165,102,1548,104.25
1549,316,164,102,1549,85.0
1550,285,165,105,1550,93.75
1551,241,165,100,1551,104.75
1552,289,164,97,1552,91.75
1553,301,165,101,1553,89.75
1554,258,165,99,1554,100.5
1555,244,166,94,1555,105.0
1556,295,166,98,1556,92.25
1557,290,166,99,1557,93.5
1558,257,167,99,1558,102.75
1559,277,167,98,1559,97.75
1560,279,167,97,1560,97.25
1561,260,167,96,1561,102.0
1562,277,167,96,1562,97.75
1563,246,167,94,1563,105.5
1564,240,167,90,1564,107.0
1565,248,167,90,1565,105.0
1566,260,167,90,1566,102.0
1567,244,167,91,1567,106.0
1568,296,168,93,1568,94.0
1569,315,169,100,1569,90.25
1570,297,169,101,1570,94.75
1571,287,170,102,1571,98.25
1572,298,170,103,1572,95.5
1573,263,170,100,1573,104.25
1574,256,170,96,1574,106.0
1575,271,170,95,1575,102.25
1576,284,170,95,1576,99.0
1577,284,170,95,1577,99.0
1578,273,169,96,1578,100.75
1579,272,169,95,1579,101.0
1580,277,169,95,1580,99.75
1581,284,168,96,1581,97.0
1582,270,168,95,1582,100.5
1583,285,168,96,1583,96.75
1584,300,168,99,1584,93.0
1585,238,168,96,1585,108.5
1586,256,168,96,1586,104.0
1587,256,168,92,1587,104.0
1588,291,168,93,1588,95.25
1589,299,168,99,1589,93.25
1590,287,169,98,1590,97.25
1591,287,169,99,1591,97.25
1592,299,169,101,1592,94.25
1593,290,169,101,1593,96.5
1594,278,169,100,1594,99.5
1595,283,169,100,1595,98.25
1596,279,169,101,1596,99.25
1597,276,169,99,1597,100.0
1598,274,169,99,1598,100.5
1599,239,169,96,1599,109.25
1600,257,169,93,1600,104.75
1601,255,169,93,1601,105.25
1602,253,169,92,1602,105.75
1603,256,168,92,1603,104.0
1604,241,169,91,1604,108.75
1605,247,168,91,1605,106.25
1606,228,168,89,1606,111.0
1607,240,168,89,1607,108.0
1608,236,168,88,1608,109.0
1609,240,168,89,1609,108.0
1610,262,168,90,1610,102.5
1611,251,168,93,1611,105.25
1612,238,168,90,1612,108.5
1613,242,168,90,1613,107.5
1614,259,168,92,1614,103.25
1615,259,168,93,1615,103.25
1616,255,169,95,1616,105.25
1617,232,168,92,1617,110.0
1618,258,168,93,1618,103.5
1619,260,167,94,1619,102.0
1620,258,167,93,1620,102.5
1621,258,167,94,1621,102.5
1622,248,166,93,1622,104.0
1623,246,166,92,1623,104.5
1624,261,166,93,1624,100.75
1625,258,166,93,1625,101.5
1626,254,165,93,1626,101.5
1627,260,165,95,1627,100.0
1628,247,165,92,1628,103.25
1629,264,165,94,1629,99.0
1630,237,165,92,1630,105.75
1631,266,165,93,1631,98.5
1632,239,166,92,1632,106.25
1633,242,166,90,1633,105.5
1634,254,166,91,1634,102.5
1635,238,167,91,1635,107.5
1636,261,166,91,1636,100.75
1637,294,166,95,1637,92.5
1638,269,167,97,1638,99.75
1639,269,167,97,1639,99.75
1640,264,167,97,1640,101.0
1641,260,167,96,1641,102.0
1642,269,167,97,1642,99.75
1643,256,167,95,1643,103.0
1644,268,166,95,1644,99.0
1645,279,166,96,1645,96.25
1646,264,165,95,1646,99.0
1647,269,165,97,1647,97.75
1648,286,165,97,1648,93.5
1649,286,165,99,1649,93.5
1650,259,165,97,1650,100.25
1651,266,164,95,1651,97.5
1652,298,164,97,1652,89.5
1653,297,164,102,1653,89.75
1654,281,164,99,1654,93.75
1655,278,164,101,1655,94.5
1656,285,165,99,1656,93.75
1657,295,165,102,1657,91.25
1658,287,165,102,1658,93.25
1659,270,166,100,1659,98.5
1660,256,165,98,1660,101.0
1661,276,165,97,1661,96.0
1662,253,165,97,1662,101.75
1663,253,165,95,1663,101.75
1664,253,165,93,1664,101.75
1665,293,165,94,1665,91.75
1666,337,165,100,1666,80.75
1667,320,165,103,1667,85.0
1668,284,166,106,1668,95.0
1669,257,166,101,1669,101.75
1670,261,166,96,1670,100.75
1671,304,166,100,1671,90.0
1672,257,166,97,1672,101.75
1673,280,165,95,1673,95.0
1674,315,165,101,1674,86.25
1675,280,165,99,1675,95.0
1676,283,165,98,1676,94.25
1677,317,165,98,1677,85.75
1678,267,165,100,1678,98.25
1679,269,165,95,1679,97.75
1680,282,165,97,1680,94.5
1681,289,165,98,1681,92.75
1682,287,165,98,1682,93.25
1683,270,164,97,1683,96.5
1684,294,164,97,1684,90.5
1685,260,164,99,1685,99.0
1686,251,165,95,1686,102.25
1687,268,165,92,1687,98.0
1688,271,165,95,1688,97.25
1689,280,165,94,1689,95.0
1690,277,165,98,1690,95.75
1691,291,166,98,1691,93.25
1692,287,166,98,1692,94.25
1693,289,167,100,1693,94.75
1694,277,167,100,1694,97.75
1695,248,166,97,1695,104.0
1696,256,165,95,1696,101.0
1697,297,164,96,1697,89.75
1698,262,164,98,1698,98.5
1699,237,164,94,1699,104.75
1700,273,164,94,1700,95.75
1701,265,164,96,1701,97.75
1702,270,164,95,1702,96.5
1703,262,165,95,1703,99.5
1704,267,165,95,1704,98.25
1705,287,166,96,1705,94.25
1706,259,167,98,1706,102.25
1707,250,167,94,1707,104.5
1708,268,168,94,1708,101.0
1709,275,169,96,1709,100.25
1710,276,169,96,1710,100.0
1711,276,169,98,1711,100.0
1712,273,170,98,1712,101.75
1713,253,170,97,1713,106.75
1714,263,170,95,1714,104.25
1715,269,170,96,1715,102.75
1716,270,170,97,1716,102.5
1717,234,170,94,1717,111.5
1718,261,169,92,1718,103.75
1719,252,169,94,1719,106.0
1720,262,169,94,1720,103.5
1721,275,169,96,1721,100.25
1722,300,169,98,1722,94.0
1723,276,169,100,1723,100.0
1724,272,170,99,1724,102.0
1725,276,169,99,1725,100.0
1726,276,170,100,1726,101.0
1727,286,169,100,1727,97.5
1728,259,169,100,1728,104.25
1729,265,169,98,1729,102.75
1730,272,169,97,1730,101.0
1731,276,168,99,1731,99.0
1732,272,168,99,1732,100.0
1733,250,168,97,1733,105.5
1734,238,168,94,1734,108.5
1735,299,168,98,1735,93.25
1736,300,168,101,1736,93.0
1737,280,168,101,1737,98.0
1738,286,168,101,1738,96.5
1739,287,167,101,1739,95.25
1740,277,167,102,1740,97.75
1741,279,167,101,1741,97.25
1742,268,167,100,1742,100.0
1743,265,167,99,1743,100.75
1744,268,167,98,1744,100.0
1745,267,167,98,1745,100.25
1746,269,167,98,1746,99.75
1747,262,168,97,1747,102.5
1748,284,167,99,1748,96.0
1749,287,167,101,1749,95.25
1750,287,167,101,1750,95.25
1751,282,167,102,1751,96.5
1752,273,167,102,1752,98.75
1753,273,167,101,1753,98.75
1754,249,167,98,1754,104.75
1755,272,167,99,1755,99.0
1756,283,167,100,1756,96.25
1757,290,164,101,1757,91.5
1758,270,164,102,1758,96.5
1759,268,164,100,1759,97.0
1760,263,164,100,1760,98.25
1761,257,164,97,1761,99.75
1762,264,163,97,1762,97.0
1763,288,163,99,1763,91.0
1764,286,163,100,1764,91.5
1765,266,163,101,1765,96.5
1766,240,163,96,1766,103.0
1767,251,163,94,1767,100.25
1768,273,164,96,1768,95.75
1769,270,164,97,1769,96.5
1770,276,164,97,1770,95.0
1771,232,164,98,1771,106.0
1772,189,165,92,1772,117.75
1773,239,164,90,1773,104.25
1774,268,164,93,1774,97.0
1775,294,164,97,1775,90.5
1776,263,165,98,1776,99.25
1777,241,166,95,1777,105.75
1778,248,167,94,1778,105.0
1779,232,167,91,1779,109.0
1780,217,168,89,1780,113.75
1781,259,168,91,1781,103.25
1782,264,169,93,1782,103.0
1783,254,170,95,1783,106.5
1784,242,170,93,1784,109.5
1785,237,170,91,1785,110.75
1786,247,170,91,1786,108.25
1787,243,170,91,1787,109.25
1788,260,170,93,1788,105.0
1789,243,170,93,1789,109.25
1790,215,170,91,1790,116.25
1791,237,170,90,1791,110.75
1792,235,170,88,1792,111.25
1793,249,169,91,1793,106.75
1794,235,170,90,1794,111.25
1795,276,170,92,1795,101.0
1796,254,170,94,1796,106.5
1797,253,169,94,1797,105.75
1798,224,170,92,1798,114.0
1799,241,171,91,1799,110.75
1800,214,171,88,1800,117.5
1801,261,171,92,1801,105.75
1802,248,171,93,1802,109.0
1803,243,171,92,1803,110.25
1804,264,171,93,1804,105.0
1805,277,170,97,1805,100.75
1806,285,170,96,1806,98.75
1807,271,171,99,1807,103.25
1808,280,171,100,1808,101.0
1809,278,171,101,1809,101.5
1810,277,170,100,1810,100.75
1811,289,170,102,1811,97.75
1812,293,170,104,1812,96.75
1813,267,170,104,1813,103.25
1814,290,169,103,1814,96.5
1815,284,169,104,1815,98.0
1816,255,168,101,1816,104.25
1817,265,168,100,1817,101.75
1818,250,168,99,1818,105.5
1819,252,168,96,1819,105.0
1820,254,168,95,1820,104.5
1821,277,167,97,1821,97.75
1822,301,167,102,1822,91.75
1823,274,167,102,1823,98.5
1824,257,167,99,1824,102.75
1825,253,167,97,1825,103.75
1826,281,167,98,1826,96.75
1827,271,167,98,1827,99.25
1828,271,167,100,1828,99.25
1829,234,167,96,1829,108.5
1830,267,167,96,1830,100.25
1831,251,168,95,1831,105.25
1832,252,168,96,1832,105.0
1833,263,169,95,1833,103.25
1834,257,169,95,1834,104.75
1835,257,169,95,1835,104.75
1836,258,168,95,1836,103.5
1837,261,169,95,1837,103.75
1838,264,169,96,1838,103.0
1839,250,169,95,1839,106.5
1840,235,169,93,1840,110.25
1841,227,169,90,1841,112.25
1842,249,169,89,1842,106.75
1843,281,169,95,1843,98.75
1844,263,169,95,1844,103.25
1845,239,170,93,1845,110.25
1846,253,170,92,1846,106.75
1847,233,170,91,1847,111.75
1848,237,170,89,1848,110.75
1849,246,170,90,1849,108.5
1850,273,170,93,1850,101.75
1851,249,170,93,1851,107.75
1852,251,170,93,1852,107.25
1853,251,170,93,1853,107.25
1854,243,170,92,1854,109.25
1855,249,170,92,1855,107.75
1856,249,170,92,1856,107.75
1857,296,170,96,1857,96.0
1858,279,170,99,1858,100.25
1859,248,171,98,1859,109.0
1860,260,171,95,1860,106.0
1861,297,170,98,1861,95.75
1862,322,170,104,1862,89.5
1863,285,170,105,1863,98.75
1864,290,169,103,1864,96.5
1865,252,169,102,1865,106.0
1866,267,168,99,1866,101.25
1867,247,168,98,1867,106.25
1868,252,167,96,1868,104.0
1869,255,167,95,1869,103.25
1870,274,167,97,1870,98.5
1871,252,167,96,1871,104.0
1872,251,167,95,1872,104.25
1873,245,167,93,1873,105.75
1874,251,167,93,1874,104.25
1875,250,166,93,1875,103.5
1876,262,166,94,1876,100.5
1877,261,166,94,1877,100.75
1878,274,167,96,1878,98.5
1879,250,167,96,1879,104.5
1880,250,167,95,1880,104.5
1881,247,167,94,1881,105.25
1882,234,167,92,1882,108.5
1883,251,167,90,1883,104.25
1884,233,167,89,1884,108.75
1885,258,168,90,1885,103.5
1886,266,167,93,1886,100.5
1887,249,168,93,1887,105.75
1888,243,168,92,1888,107.25
1889,261,168,93,1889,102.75
1890,240,168,92,1890,108.0
1891,255,168,91,1891,104.25
1892,251,168,93,1892,105.25
1893,261,168,93,1893,102.75
1894,241,168,92,1894,107.75
1895,294,168,96,1895,94.5
1896,287,169,99,1896,97.25
1897,268,168,100,1897,101.0
1898,261,169,98,1898,103.75
1899,281,169,99,1899,98.75
1900,288,168,101,1900,96.0
1901,283,169,101,1901,98.25
1902,286,168,102,1902,96.5
1903,286,169,102,1903,97.5
1904,285,169,104,1904,97.75
1905,277,169,102,1905,99.75
1906,280,169,101,1906,99.0
1907,283,169,102,1907,98.25
1908,254,169,99,1908,105.5
1909,277,169,98,1909,99.75
1910,258,169,96,1910,104.5
1911,247,169,96,1911,107.25
1912,247,169,92,1912,107.25
1913,247,168,90,1913,106.25
1914,275,168,91,1914,99.25
1915,265,168,94,1915,101.75
1916,256,167,93,1916,103.0
1917,253,167,92,1917,103.75
1918,259,167,91,1918,102.25
1919,259,167,92,1919,102.25
1920,268,167,95,1920,100.0
1921,270,167,94,1921,99.5
1922,271,167,96,1922,99.25
1923,291,167,96,1923,94.25
1924,277,167,98,1924,97.75
1925,253,167,97,1925,103.75
1926,264,167,97,1926,101.0
1927,264,167,95,1927,101.0
1928,278,168,98,1928,98.5
1929,283,168,99,1929,97.25
1930,266,168,99,1930,101.5
1931,266,167,99,1931,100.5
1932,264,167,96,1932,101.0
1933,280,167,99,1933,97.0
1934,287,168,101,1934,96.25
1935,266,167,101,1935,100.5
1936,268,167,100,1936,100.0
1937,281,167,101,1937,96.75
1938,300,167,103,1938,92.0
1939,303,168,106,1939,92.25
1940,243,168,103,1940,107.25
1941,242,168,97,1941,107.5
1942,252,168,97,1942,105.0
1943,244,169,95,1943,108.0
1944,248,169,94,1944,107.0
1945,267,169,95,1945,102.25
1946,241,169,96,1946,108.75
1947,234,168,93,1947,109.5
1948,246,168,93,1948,106.5
1949,239,167,92,1949,107.25
1950,235,166,90,1950,107.25
1951,272,166,94,1951,98.0
1952,255,166,96,1952,102.25
1953,250,166,93,1953,103.5
1954,246,166,94,1954,104.5
1955,229,165,91,1955,107.75
1956,240,165,91,1956,105.0
1957,235,166,91,1957,107.25
1958,232,166,90,1958,108.0
1959,225,167,90,1959,110.75
1960,247,167,90,1960,105.25
1961,253,168,92,1961,104.75
1962,265,168,94,1962,101.75
1963,247,169,95,1963,107.25
1964,264,169,95,1964,103.0
1965,273,169,97,1965,100.75
1966,289,170,100,1966,97.75
1967,283,170,102,1967,99.25
1968,261,170,103,1968,104.75
1969,273,170,101,1969,101.75
1970,257,170,102,1970,105.75
1971,258,170,100,1971,105.5
1972,247,170,98,1972,108.25
1973,246,170,98,1973,108.5
1974,265,170,97,1974,103.75
1975,276,169,99,1975,100.0
1976,273,169,101,1976,100.75
1977,267,168,101,1977,101.25
1978,279,169,102,1978,99.25
1979,257,169,101,1979,104.75
1980,277,169,100,1980,99.75
1981,270,169,102,1981,101.5
1982,289,169,102,1982,96.75
1983,301,169,106,1983,93.75
1984,283,169,105,1984,98.25
1985,263,169,105,1985,103.25
1986,245,170,100,1986,108.75
1987,253,169,99,1987,105.75
1988,255,169,99,1988,105.25
1989,255,168,98,1989,104.25
1990,271,169,98,1990,101.25
1991,268,167,99,1991,100.0
1992,242,167,98,1992,106.5
1993,268,167,98,1993,100.0
1994,292,166,101,1994,93.0
1995,267,166,103,1995,99.25
1996,241,167,102,1996,106.75
1997,244,167,99,1997,106.0
1998,222,167,96,1998,111.5
1999,231,167,93,1999,109.25
2000,233,167,91,2000,108.75
2001,252,166,94,2001,103.0
2002,236,166,94,2002,107.0
2003,237,167,94,2003,107.75
2004,196,167,90,2004,118.0
2005,223,167,90,2005,111.25
2006,252,167,90,2006,104.0
2007,253,167,97,2007,103.75
2008,217,168,94,2008,113.75
2009,226,168,92,2009,111.5
2010,228,168,91,2010,111.0
2011,230,168,91,2011,110.5
2012,227,168,91,2012,111.25
2013,244,168,92,2013,107.0
2014,230,169,92,2014,111.5
2015,234,169,91,2015,110.5
2016,251,168,93,2016,105.25
2017,241,169,94,2017,108.75
2018,226,169,92,2018,112.5
2019,233,169,90,2019,110.75
2020,246,169,92,2020,107.5
2021,243,170,92,2021,109.25
2022,249,170,94,2022,107.75
2023,229,170,94,2023,112.75
2024,244,170,93,2024,109.0
2025,251,170,96,2025,107.25
2026,222,170,94,2026,114.5
2027,284,170,94,2027,99.0
2028,290,170,101,2028,97.5
2029,281,171,103,2029,100.75
2030,270,171,104,2030,103.5
2031,269,170,103,2031,102.75
2032,254,171,102,2032,107.5
2033,267,170,102,2033,103.25
2034,297,170,104,2034,95.75
2035,278,170,106,2035,100.5
2036,267,170,105,2036,103.25
2037,266,170,104,2037,103.5
2038,280,170,105,2038,100.0
2039,281,170,106,2039,99.75
2040,268,170,106,2040,103.0
2041,247,170,102,2041,108.25
2042,243,169,100,2042,108.25
2043,242,169,100,2043,108.5
2044,242,168,97,2044,107.5
2045,256,168,97,2045,104.0
2046,247,168,97,2046,106.25
2047,277,168,99,2047,98.75
2048,268,168,99,2048,101.0
2049,232,169,98,2049,111.0
2050,234,169,95,2050,110.5
2051,231,169,95,2051,111.25
2052,227,169,92,2052,112.25
2053,236,168,92,2053,109.0
2054,249,169,93,2054,106.75
2055,231,169,92,2055,111.25
2056,237,169,92,2056,109.75
2057,238,169,93,2057,109.5
2058,309,169,97,2058,91.75
2059,283,169,106,2059,98.25
2060,300,170,106,2060,95.0
2061,287,170,105,2061,98.25
2062,266,169,107,2062,102.5
2063,262,170,103,2063,104.5
2064,317,169,104,2064,89.75
2065,285,169,105,2065,97.75
2066,293,168,104,2066,94.75
2067,291,168,105,2067,95.25
2068,276,169,104,2068,100.0
2069,259,169,101,2069,104.25
2070,255,168,99,2070,104.25
2071,233,168,94,2071,109.75
2072,281,168,97,2072,97.75
2073,262,168,95,2073,102.5
2074,271,168,96,2074,100.25
2075,258,168,95,2075,103.5
2076,262,167,94,2076,101.5
2077,265,168,94,2077,101.75
2078,258,168,95,2078,103.5
2079,260,168,94,2079,103.0
2080,281,168,95,2080,97.75
2081,279,168,96,2081,98.25
2082,258,168,95,2082,103.5
2083,273,169,95,2083,100.75
2084,260,169,95,2084,104.0
2085,328,169,98,2085,87.0
2086,285,169,101,2086,97.75
2087,273,169,98,2087,100.75
2088,255,170,98,2088,106.25
2089,256,170,95,2089,106.0
2090,273,170,96,2090,101.75
2091,288,169,96,2091,97.0
2092,288,169,99,2092,97.0
2093,285,169,100,2093,97.75
2094,291,169,101,2094,96.25
2095,261,169,99,2095,103.75
2096,255,169,95,2096,105.25
2097,275,169,97,2097,100.25
2098,269,169,97,2098,101.75
2099,276,169,96,2099,100.0
2100,272,169,97,2100,101.0
2101,276,169,98,2101,100.0
2102,260,168,98,2102,103.0
2103,260,168,96,2103,103.0
2104,247,168,94,2104,106.25
2105,262,168,94,2105,102.5
2106,267,168,95,2106,101.25
2107,254,168,93,2107,104.5
2108,296,168,97,2108,94.0
2109,279,168,97,2109,98.25
2110,313,169,101,2110,90.75
2111,286,169,102,2111,97.5
2112,273,169,100,2112,100.75
2113,280,169,99,2113,99.0
2114,292,169,100,2114,96.0
2115,288,168,101,2115,96.0
2116,285,168,100,2116,96.75
2117,298,168,101,2117,93.5
2118,287,167,102,2118,95.25
2119,307,167,102,2119,90.25
2120,301,168,103,2120,92.75
2121,283,168,103,2121,97.25
2122,286,168,102,2122,96.5
2123,283,168,101,2123,97.25
2124,267,169,98,2124,102.25
2125,266,169,98,2125,102.5
2126,247,170,95,2126,108.25
2127,258,169,94,2127,104.5
2128,271,169,94,2128,101.25
2129,285,169,97,2129,97.75
2130,261,169,96,2130,103.75
2131,279,169,95,2131,99.25
2132,286,168,97,2132,96.5
2133,284,169,96,2133,98.0
2134,272,168,98,2134,100.0
2135,257,168,95,2135,103.75
2136,299,168,96,2136,93.25
2137,297,168,96,2137,93.75
2138,297,168,99,2138,93.75
2139,287,168,99,2139,96.25
2140,294,169,99,2140,95.5
2141,301,169,101,2141,93.75
2142,297,169,101,2142,94.75
2143,272,169,99,2143,101.0
2144,274,170,98,2144,101.5
2145,271,170,96,2145,102.25
2146,268,170,96,2146,103.0
2147,276,170,96,2147,101.0
2148,278,169,95,2148,99.5
2149,273,169,96,2149,100.75
2150,263,169,94,2150,103.25
2151,293,169,96,2151,95.75
2152,244,169,93,2152,108.0
2153,276,169,93,2153,100.0
2154,266,169,93,2154,102.5
2155,268,168,92,2155,101.0
2156,290,169,95,2156,96.5
2157,271,169,95,2157,101.25
2158,269,170,95,2158,102.75
2159,260,170,94,2159,105.0
2160,270,170,93,2160,102.5
2161,273,169,93,2161,100.75
2162,269,170,94,2162,102.75
2163,264,169,93,2163,103.0
2164,248,168,91,2164,106.0
2165,240,168,90,2165,108.0
2166,304,168,94,2166,92.0
2167,280,168,97,2167,98.0
2168,311,168,99,2168,90.25
2169,307,168,100,2169,91.25
2170,283,169,101,2170,98.25
2171,226,169,93,2171,112.5
2172,249,169,93,2172,106.75
2173,249,170,89,2173,107.75
2174,295,170,96,2174,96.25
2175,258,170,95,2175,105.5
2176,250,170,92,2176,107.5
2177,264,171,93,2177,105.0
2178,250,171,92,2178,108.5
2179,226,172,90,2179,115.5
2180,258,172,90,2180,107.5
2181,248,173,89,2181,111.0
2182,261,173,91,2182,107.75
2183,254,173,91,2183,109.5
2184,247,173,91,2184,111.25
2185,265,173,91,2185,106.75
2186,243,173,92,2186,112.25
2187,307,173,95,2187,96.25
2188,289,173,99,2188,100.75
2189,282,173,100,2189,102.5
2190,278,174,99,2190,104.5
2191,251,174,97,2191,111.25
2192,253,174,94,2192,110.75
2193,253,173,92,2193,109.75
2194,250,173,92,2194,110.5
2195,247,172,91,2195,110.25
2196,239,172,90,2196,112.25
2197,250,171,90,2197,108.5
2198,255,171,91,2198,107.25
2199,259,171,91,2199,106.25
2200,271,172,93,2200,104.25
2201,250,172,92,2201,109.5
2202,252,171,91,2202,108.0
2203,248,172,91,2203,110.0
2204,257,172,91,2204,107.75
2205,294,171,93,2205,97.5
2206,292,171,98,2206,98.0
2207,293,171,100,2207,97.75
2208,260,171,98,2208,106.0
2209,276,171,96,2209,102.0
2210,305,171,99,2210,94.75
2211,274,171,99,2211,102.5
2212,284,171,98,2212,100.0
2213,259,170,97,2213,105.25
2214,277,170,96,2214,100.75
2215,277,169,98,2215,99.75
2216,256,169,95,2216,105.0
2217,281,168,96,2217,97.75
2218,256,167,96,2218,103.0
2219,273,168,95,2219,99.75
2220,238,167,96,2220,107.5
2221,233,167,91,2221,108.75
2222,253,167,91,2222,103.75
2223,277,167,94,2223,97.75
2224,270,167,95,2224,99.5
2225,287,167,94,2225,95.25
2226,313,167,101,2226,88.75
2227,295,167,101,2227,93.25
2228,295,168,101,2228,94.25
2229,305,168,102,2229,91.75
2230,315,168,104,2230,89.25
2231,299,168,104,2231,93.25
2232,293,168,103,2232,94.75
2233,282,168,102,2233,97.5
2234,269,168,99,2234,100.75
2235,301,168,100,2235,92.75
2236,305,168,103,2236,91.75
2237,279,167,102,2237,97.25
2238,313,168,101,2238,89.75
2239,299,168,104,2239,93.25
2240,271,168,100,2240,100.25
2241,265,168,98,2241,101.75
2242,266,168,97,2242,101.5
2243,250,168,95,2243,105.5
2244,272,168,92,2244,100.0
2245,279,168,97,2245,98.25
2246,280,168,96,2246,98.0
2247,281,169,98,2247,98.75
2248,265,168,96,2248,101.75
2249,302,169,99,2249,93.5
2250,279,168,99,2250,98.25
2251,297,169,101,2251,94.75
2252,292,169,101,2252,96.0
2253,292,169,102,2253,96.0
2254,280,169,100,2254,99.0
2255,278,169,100,2255,99.5
2256,263,169,98,2256,103.25
2257,290,169,98,2257,96.5
2258,298,170,101,2258,95.5
2259,285,170,100,2259,98.75
2260,294,170,101,2260,96.5
2261,281,171,101,2261,100.75
2262,283,171,99,2262,100.25
2263,288,171,99,2263,99.0
2264,300,172,101,2264,97.0
2265,297,172,102,2265,97.75
2266,285,171,101,2266,99.75
2267,230,172,97,2267,114.5
2268,252,171,91,2268,108.0
2269,242,171,91,2269,110.5
2270,249,172,91,2270,109.75
2271,279,172,91,2271,102.25
2272,272,172,95,2272,104.0
2273,290,172,95,2273,99.5
2274,290,173,98,2274,100.5
2275,273,173,99,2275,104.75
2276,261,174,96,2276,108.75
2277,260,173,98,2277,108.0
2278,264,173,97,2278,107.0
2279,256,173,97,2279,109.0
2280,268,172,96,2280,105.0
2281,274,173,98,2281,104.5
2282,274,174,99,2282,105.5
2283,260,174,100,2283,109.0
2284,256,174,98,2284,110.0
2285,240,174,95,2285,114.0
2286,232,174,93,2286,116.0
2287,246,174,91,2287,112.5
2288,263,174,94,2288,108.25
2289,258,173,94,2289,108.5
2290,258,173,95,2290,108.5
2291,261,172,96,2291,106.75
2292,248,173,95,2292,111.0
2293,247,173,94,2293,111.25
2294,256,173,95,2294,109.0
2295,258,173,95,2295,108.5
2296,272,173,96,2296,105.0
2297,255,173,98,2297,109.25
2298,241,173,94,2298,112.75
2299,241,173,94,2299,112.75
2300,252,172,94,2300,109.0
2301,252,172,93,2301,109.0
2302,257,172,95,2302,107.75
2303,246,173,94,2303,111.5
2304,234,172,92,2304,113.5
2305,246,173,92,2305,111.5
2306,260,172,93,2306,107.0
2307,251,173,94,2307,110.25
2308,249,172,93,2308,109.75
2309,258,172,94,2309,107.5
2310,253,172,94,2310,108.75
2311,247,172,94,2311,110.25
2312,253,172,94,2312,108.75
2313,264,172,95,2313,106.0
2314,250,172,96,2314,109.5
2315,247,172,95,2315,110.25
2316,225,172,91,2316,115.75
2317,253,172,91,2317,108.75
2318,261,172,93,2318,106.75
2319,254,171,94,2319,107.5
2320,261,171,94,2320,105.75
2321,257,171,95,2321,106.75
2322,248,171,94,2322,109.0
2323,271,171,95,2323,103.25
2324,254,171,96,2324,107.5
2325,269,171,97,2325,103.75
2326,265,170,96,2326,103.75
2327,283,171,99,2327,100.25
2328,292,171,100,2328,98.0
2329,280,171,101,2329,101.0
2330,271,171,102,2330,103.25
2331,258,171,100,2331,106.5
2332,290,171,100,2332,98.5
2333,283,171,102,2333,100.25
2334,265,171,101,2334,104.75
2335,270,170,99,2335,102.5
2336,295,171,101,2336,97.25
2337,285,170,102,2337,98.75
2338,274,170,102,2338,101.5
2339,274,169,101,2339,100.5
2340,297,169,102,2340,94.75
2341,308,169,105,2341,92.0
2342,302,168,106,2342,92.5
2343,282,168,106,2343,97.5
2344,282,168,105,2344,97.5
2345,281,168,104,2345,97.75
2346,283,168,104,2346,97.25
2347,292,168,104,2347,95.0
2348,260,168,102,2348,103.0
2349,239,167,98,2349,107.25
2350,249,166,96,2350,103.75
2351,257,165,95,2351,100.75
2352,274,165,96,2352,96.5
2353,268,165,96,2353,98.0
2354,264,165,96,2354,99.0
2355,267,165,98,2355,98.25
2356,247,166,95,2356,104.25
2357,264,165,95,2357,99.0
2358,265,165,96,2358,98.75
2359,266,166,95,2359,99.5
2360,241,168,95,2360,107.75
2361,250,167,93,2361,104.5
2362,255,167,93,2362,103.25
2363,247,167,93,2363,105.25
2364,242,167,93,2364,106.5
2365,217,168,89,2365,113.75
2366,238,168,88,2366,108.5
2367,236,168,89,2367,109.0
2368,251,168,90,2368,105.25
2369,252,167,92,2369,104.0
2370,274,168,94,2370,99.5
2371,277,168,96,2371,98.75
2372,253,168,96,2372,104.75
2373,249,168,94,2373,105.75
2374,259,169,94,2374,104.25
2375,259,169,94,2375,104.25
2376,286,169,99,2376,97.5
2377,281,169,100,2377,98.75
2378,264,169,100,2378,103.0
2379,245,169,97,2379,107.75
2380,240,169,94,2380,109.0
2381,267,169,95,2381,102.25
2382,285,169,98,2382,97.75
2383,271,169,98,2383,101.25
2384,266,169,98,2384,102.5
2385,257,169,97,2385,104.75
2386,255,169,96,2386,105.25
2387,256,170,95,2387,106.0
2388,260,170,95,2388,105.0
2389,257,170,95,2389,105.75
2390,248,169,94,2390,107.0
2391,252,169,94,2391,106.0
2392,261,168,95,2392,102.75
2393,258,168,95,2393,103.5
2394,271,168,97,2394,100.25
2395,271,168,97,2395,100.25
2396,266,167,98,2396,100.5
2397,251,168,99,2397,105.25
2398,216,168,92,2398,114.0
2399,263,168,94,2399,102.25
2400,222,168,93,2400,112.5
2401,242,168,90,2401,107.5
2402,233,168,91,2402,109.75
2403,238,168,89,2403,108.5
2404,225,168,88,2404,111.75
2405,249,169,89,2405,106.75
2406,248,169,93,2406,107.0
2407,247,169,91,2407,107.25
2408,258,169,93,2408,104.5
2409,229,170,91,2409,112.75
2410,238,170,91,2410,110.5
2411,231,170,90,2411,112.25
2412,251,170,90,2412,107.25
2413,266,170,93,2413,103.5
2414,284,170,96,2414,99.0
2415,296,170,102,2415,96.0
2416,253,170,98,2416,106.75
2417,296,171,99,2417,97.0
2418,275,171,99,2418,102.25
2419,267,169,99,2419,102.25
2420,249,169,96,2420,106.75
2421,265,169,95,2421,102.75
2422,263,169,96,2422,103.25
2423,257,167,94,2423,102.75
2424,261,167,95,2424,101.75
2425,265,166,95,2425,99.75
2426,253,166,95,2426,102.75
2427,262,165,95,2427,99.5
2428,274,165,95,2428,96.5
2429,296,165,100,2429,91.0
2430,273,166,99,2430,97.75
2431,262,165,97,2431,99.5
2432,276,166,97,2432,97.0
2433,270,165,97,2433,97.5
2434,273,166,98,2434,97.75
2435,279,166,98,2435,96.25
2436,253,165,97,2436,101.75
2437,257,165,95,2437,100.75
2438,268,166,95,2438,99.0
2439,276,166,97,2439,97.0
2440,274,166,97,2440,97.5
2441,282,167,97,2441,96.5
2442,285,167,99,2442,95.75
2443,265,167,97,2443,100.75
2444,269,167,98,2444,99.75
2445,269,167,96,2445,99.75
2446,266,167,97,2446,100.5
2447,286,167,99,2447,95.5
2448,269,167,100,2448,99.75
2449,248,168,96,2449,106.0
2450,255,168,95,2450,104.25
2451,247,168,93,2451,106.25
2452,281,168,96,2452,97.75
2453,262,168,97,2453,102.5
2454,251,168,95,2454,105.25
2455,255,167,94,2455,103.25
2456,281,167,96,2456,96.75
2457,307,167,99,2457,90.25
2458,263,167,99,2458,101.25
2459,264,167,97,2459,101.0
2460,259,168,96,2460,103.25
2461,277,168,96,2461,98.75
2462,296,168,98,2462,94.0
2463,279,169,99,2463,99.25
2464,263,169,98,2464,103.25
2465,261,169,96,2465,103.75
2466,274,169,97,2466,100.5
2467,293,168,99,2467,94.75
2468,257,169,98,2468,104.75
2469,263,168,97,2469,102.25
2470,279,168,98,2470,98.25
2471,243,168,98,2471,107.25
2472,220,168,91,2472,113.0
2473,298,168,95,2473,93.5
2474,292,168,99,2474,95.0
2475,283,168,98,2475,97.25
2476,284,167,100,2476,96.0
2477,281,168,99,2477,97.75
2478,277,169,100,2478,99.75
2479,264,169,98,2479,103.0
2480,272,169,98,2480,101.0
2481,271,169,97,2481,101.25
2482,288,169,98,2482,97.0
2483,286,169,99,2483,97.5
2484,301,169,100,2484,93.75
2485,286,169,100,2485,97.5
2486,287,170,101,2486,98.25
2487,282,169,99,2487,98.5
2488,284,169,100,2488,98.0
2489,289,169,100,2489,96.75
2490,311,169,101,2490,91.25
2491,296,169,104,2491,95.0
2492,294,169,103,2492,95.5
2493,288,169,102,2493,97.0
2494,286,169,101,2494,97.5
2495,271,169,100,2495,101.25
2496,266,169,98,2496,102.5
2497,267,170,97,2497,103.25
2498,271,170,96,2498,102.25
2499,282,169,97,2499,98.5
2500,305,170,99,2500,93.75
2501,296,170,102,2501,96.0
2502,274,171,99,2502,102.5
2503,284,172,99,2503,101.0
2504,294,172,100,2504,98.5
2505,285,172,100,2505,100.75
2506,280,172,100,2506,102.0
2507,257,172,97,2507,107.75
2508,253,173,95,2508,109.75
2509,259,172,93,2509,107.25
2510,248,172,92,2510,110.0
2511,269,172,94,2511,104.75
2512,270,172,95,2512,104.5
2513,258,172,94,2513,107.5
2514,251,171,92,2514,108.25
2515,277,171,94,2515,101.75
2516,260,170,94,2516,105.0
2517,256,171,93,2517,107.0
2518,266,170,93,2518,103.5
2519,273,170,95,2519,101.75
2520,278,170,96,2520,100.5
2521,274,170,98,2521,101.5
2522,248,170,95,2522,108.0
2523,264,170,95,2523,104.0
2524,268,169,95,2524,102.0
2525,275,169,96,2525,100.25
2526,270,169,96,2526,101.5
2527,279,169,96,2527,99.25
2528,279,169,97,2528,99.25
2529,267,170,97,2529,103.25
2530,260,170,97,2530,105.0
2531,245,169,95,2531,107.75
2532,268,169,94,2532,102.0
2533,275,170,98,2533,101.25
2534,238,170,96,2534,110.5
2535,250,169,94,2535,106.5
2536,248,170,95,2536,108.0
2537,243,170,92,2537,109.25
2538,248,170,92,2538,108.0
2539,257,169,93,2539,104.75
2540,270,170,95,2540,102.5
2541,246,170,93,2541,108.5
2542,232,171,92,2542,113.0
2543,260,171,92,2543,106.0
2544,260,171,92,2544,106.0
2545,249,171,93,2545,108.75
2546,264,171,95,2546,105.0
2547,249,170,95,2547,107.75
2548,261,172,94,2548,106.75
2549,269,171,96,2549,103.75
2550,261,172,97,2550,106.75
2551,243,172,95,2551,111.25
2552,257,172,94,2552,107.75
2553,290,172,94,2553,99.5
2554,290,172,97,2554,99.5
2555,285,172,99,2555,100.75
2556,282,172,101,2556,101.5
2557,285,173,101,2557,101.75
2558,275,173,101,2558,104.25
2559,204,173,97,2559,122.0
2560,247,173,95,2560,111.25
2561,242,173,93,2561,112.5
2562,248,173,93,2562,111.0
2563,238,172,91,2563,112.5
2564,270,172,93,2564,104.5
2565,276,173,96,2565,104.0
2566,270,173,97,2566,105.5
2567,290,173,98,2567,100.5
2568,281,173,101,2568,102.75
2569,271,172,100,2569,104.25
2570,271,173,99,2570,105.25
2571,265,173,99,2571,106.75
2572,221,172,97,2572,116.75
2573,220,172,92,2573,117.0
2574,237,172,89,2574,112.75
2575,308,171,95,2575,94.0
2576,286,171,100,2576,99.5
2577,270,171,99,2577,103.5
2578,268,171,97,2578,104.0
2579,270,170,99,2579,102.5
2580,255,170,96,2580,106.25
2581,264,169,96,2581,103.0
2582,257,169,96,2582,104.75
2583,249,168,94,2583,105.75
2584,269,168,94,2584,100.75
2585,293,168,98,2585,94.75
2586,258,168,98,2586,103.5
2587,241,169,94,2587,108.75
2588,249,168,94,2588,105.75
2589,256,169,94,2589,105.0
2590,256,169,94,2590,105.0
2591,276,169,95,2591,100.0
2592,289,169,98,2592,96.75
2593,301,169,98,2593,93.75
2594,323,169,103,2594,88.25
2595,302,169,103,2595,93.5
2596,300,169,106,2596,94.0
2597,263,169,101,2597,103.25
2598,287,170,101,2598,98.25
2599,295,169,101,2599,95.25
2600,294,170,102,2600,96.5
2601,279,170,103,2601,100.25
2602,255,169,100,2602,105.25
2603,265,170,99,2603,103.75
2604,243,169,96,2604,108.25
2605,276,169,97,2605,100.0
2606,208,169,96,2606,117.0
2607,248,169,92,2607,107.0
2608,264,169,96,2608,103.0
2609,257,168,95,2609,103.75
2610,276,168,96,2610,99.0
2611,266,169,98,2611,102.5
2612,314,169,101,2612,90.5
2613,297,168,105,2613,93.75
2614,331,168,107,2614,85.25
2615,305,169,111,2615,92.75
2616,280,168,108,2616,98.0
2617,281,169,106,2617,98.75
2618,278,169,105,2618,99.5
2619,273,169,103,2619,100.75
2620,258,169,101,2620,104.5
2621,276,170,101,2621,101.0
2622,291,170,102,2622,97.25
2623,282,170,103,2623,99.5
2624,275,170,101,2624,101.25
2625,274,170,102,2625,101.5
2626,279,170,101,2626,100.25
2627,258,170,101,2627,105.5
2628,265,170,100,2628,103.75
2629,279,170,101,2629,100.25
2630,268,170,101,2630,103.0
2631,262,170,100,2631,104.5
2632,262,169,100,2632,103.5
2633,257,169,99,2633,104.75
2634,248,170,97,2634,108.0
2635,265,169,97,2635,102.75
2636,284,168,100,2636,97.0
2637,265,168,101,2637,101.75
2638,242,168,98,2638,107.5
2639,270,168,97,2639,100.5
2640,276,168,101,2640,99.0
2641,285,168,102,2641,96.75
2642,249,168,101,2642,105.75
2643,241,168,97,2643,107.75
2644,247,168,95,2644,106.25
2645,269,169,97,2645,101.75
2646,237,169,94,2646,109.75
2647,298,169,95,2647,94.5
2648,261,170,99,2648,104.75
2649,281,171,99,2649,100.75
2650,289,171,102,2650,98.75
2651,286,171,105,2651,99.5
2652,288,171,105,2652,99.0
2653,261,171,105,2653,105.75
2654,269,171,104,2654,103.75
2655,253,171,101,2655,107.75
2656,262,172,99,2656,106.5
2657,266,172,100,2657,105.5
2658,322,172,102,2658,91.5
2659,266,172,102,2659,105.5
2660,280,171,103,2660,101.0
2661,246,172,100,2661,110.5
2662,250,172,98,2662,109.5
2663,252,171,97,2663,108.0
2664,241,171,96,2664,110.75
2665,248,171,95,2665,109.0
2666,241,171,94,2666,110.75
2667,238,171,93,2667,111.5
2668,271,171,96,2668,103.25
2669,277,171,96,2669,101.75
2670,280,171,100,2670,101.0
2671,294,172,103,2671,98.5
2672,248,172,101,2672,110.0
2673,271,174,99,2673,106.25
2674,263,173,99,2674,107.25
2675,252,174,99,2675,111.0
2676,280,174,99,2676,104.0
2677,271,174,102,2677,106.25
2678,269,173,99,2678,105.75
2679,271,173,102,2679,105.25
2680,270,174,101,2680,106.5
2681,275,174,99,2681,105.25
2682,277,173,102,2682,103.75
2683,280,174,101,2683,104.0
2684,334,173,107,2684,89.5
2685,305,173,111,2685,96.75
2686,299,175,107,2686,100.25
2687,298,174,105,2687,99.5
2688,320,174,102,2688,94.0
2689,361,175,109,2689,84.75
2690,303,175,108,2690,99.25
2691,300,175,106,2691,100.0
2692,287,175,103,2692,103.25
2693,295,175,104,2693,101.25
2694,228,176,96,2694,119.0
2695,275,175,93,2695,106.25
2696,312,175,99,2696,97.0
2697,266,176,96,2697,109.5
2698,295,175,96,2698,101.25
2699,314,175,96,2699,96.5
2700,314,175,100,2700,96.5
2701,304,175,101,2701,99.0
2702,294,176,101,2702,102.5
